/*
Navicat MySQL Data Transfer

Source Server         : master
Source Server Version : 50720
Source Host           : localhost:3306
Source Database       : master

Target Server Type    : MYSQL
Target Server Version : 50720
File Encoding         : 65001

Date: 2019-03-24 23:19:52
*/

SET FOREIGN_KEY_CHECKS=0;

-- ----------------------------
-- Table structure for `sys_monitor_sql`
-- ----------------------------
DROP TABLE IF EXISTS `sys_monitor_sql`;
CREATE TABLE `sys_monitor_sql` (
  `id` varchar(40) NOT NULL,
  `esql` varchar(1000) DEFAULT NULL,
  `params` varchar(200) DEFAULT NULL,
  `etime` varchar(10) DEFAULT NULL,
  `ip` varchar(20) DEFAULT NULL,
  `host` varchar(50) DEFAULT NULL,
  `username` varchar(30) DEFAULT NULL,
  `url` varchar(200) DEFAULT NULL,
  `time` varchar(30) DEFAULT NULL,
  PRIMARY KEY (`id`)
) ENGINE=InnoDB DEFAULT CHARSET=utf8;

-- ----------------------------
-- Records of sys_monitor_sql
-- ----------------------------
INSERT INTO `sys_monitor_sql` VALUES ('0010d671-f3bd-4013-ac56-b492b19450c0', ' select * from sys_schedule_timer_job   where 1=1   order by time desc  limit 0 , 5', 'null', '1', '0:0:0:0:0:0:0:1', '0:0:0:0:0:0:0:1', 'admin', 'http://localhost:8090/sys_schedule_timer/list', '2019-03-24 22:53:15');
INSERT INTO `sys_monitor_sql` VALUES ('01889386-e04b-4e88-8ffb-ec54d796bb48', 'select sys_perms_role.* from sys_perms_role , sys_perms_user_role where sys_perms_role.id = sys_perms_user_role.role_id and sys_perms_user_role.user_id =\'01e1084a-1e70-4795-be8f-edc913a471e6\'', 'null', '1', '0:0:0:0:0:0:0:1', '0:0:0:0:0:0:0:1', '', 'http://localhost:8090/common/login', '2019-03-24 23:08:04');
INSERT INTO `sys_monitor_sql` VALUES ('01b8d854-292c-4589-bdc8-2ddff411fb73', 'select * from sys_perms_role  where 1=1  limit 0 , 5', 'null', '1', '0:0:0:0:0:0:0:1', '0:0:0:0:0:0:0:1', 'admin', 'http://localhost:8090/sys_perms_role/list', '2019-03-22 22:35:43');
INSERT INTO `sys_monitor_sql` VALUES ('01bcc089-fdba-48b4-99e5-9e7fe40c4e80', 'select * from sys_user  where 1=1  limit 0 , 5', 'null', '2', '0:0:0:0:0:0:0:1', '0:0:0:0:0:0:0:1', 'admin', 'http://localhost:8090/sys_user/list', '2019-03-24 11:41:14');
INSERT INTO `sys_monitor_sql` VALUES ('01f38944-fce2-4eda-ae92-1020fd428e30', 'select * from sys_perms_role  where 1=1  limit 0 , 5', 'null', '1', '0:0:0:0:0:0:0:1', '0:0:0:0:0:0:0:1', 'admin', 'http://localhost:8090/sys_perms_role/list', '2019-03-22 22:28:49');
INSERT INTO `sys_monitor_sql` VALUES ('024bfd93-147e-471c-be7e-b69048acf15c', ' select * from sys_schedule_timer_job   where 1=1   order by time desc  limit 0 , 5', 'null', '2', '0:0:0:0:0:0:0:1', '0:0:0:0:0:0:0:1', 'admin', 'http://localhost:8090/sys_schedule_timer/list', '2019-03-24 22:03:56');
INSERT INTO `sys_monitor_sql` VALUES ('037761f2-64a5-4954-9380-38e179bfe4e0', 'select sys_perms_role.* from sys_perms_role , sys_perms_user_role where sys_perms_role.id = sys_perms_user_role.role_id and sys_perms_user_role.user_id =\'01e1084a-1e70-4795-be8f-edc913a471e6\'', 'null', '1', '0:0:0:0:0:0:0:1', '0:0:0:0:0:0:0:1', '', 'http://localhost:8090/common/login', '2019-03-21 21:06:37');
INSERT INTO `sys_monitor_sql` VALUES ('06c8c0c4-0463-4214-8bdd-a9960e8ad8a4', ' select * from sys_schedule_timer_job   where 1=1   order by time desc  limit 0 , 5', 'null', '1', '0:0:0:0:0:0:0:1', '0:0:0:0:0:0:0:1', 'admin', 'http://localhost:8090/sys_schedule_timer/list', '2019-03-24 15:23:49');
INSERT INTO `sys_monitor_sql` VALUES ('07d048dd-3fe0-4d73-9589-4ccb38a17eaf', 'select * from sys_perms_role  where 1=1  limit 0 , 5', 'null', '1', '0:0:0:0:0:0:0:1', '0:0:0:0:0:0:0:1', 'admin', 'http://localhost:8090/sys_perms_role/list', '2019-03-24 14:42:32');
INSERT INTO `sys_monitor_sql` VALUES ('0801e475-9dea-4e24-88b2-3b965d6e57b2', 'select * from sys_user  where 1=1  limit 0 , 5', 'null', '1', '0:0:0:0:0:0:0:1', '0:0:0:0:0:0:0:1', 'admin', 'http://localhost:8090/sys_user/list', '2019-03-24 14:49:48');
INSERT INTO `sys_monitor_sql` VALUES ('0951f864-5346-435b-b39f-cf7c647bdd8e', ' select * from sys_monitor_sql   where 1=1  limit 30 , 5 ', 'null', '1', '0:0:0:0:0:0:0:1', '0:0:0:0:0:0:0:1', 'admin', 'http://localhost:8090/sys_monitor_sql/list', '2019-03-21 20:55:45');
INSERT INTO `sys_monitor_sql` VALUES ('0991f8ec-1585-495d-8008-6132e86ba2cb', 'select * from sys_perms_role  where 1=1  limit 0 , 5', 'null', '1', '0:0:0:0:0:0:0:1', '0:0:0:0:0:0:0:1', 'admin', 'http://localhost:8090/sys_perms_role/list', '2019-03-24 14:34:06');
INSERT INTO `sys_monitor_sql` VALUES ('09d52774-6d74-4cde-b5df-d845b479ecbc', 'select * from sys_perms_role  where 1=1  limit 0 , 5', 'null', '2', '0:0:0:0:0:0:0:1', '0:0:0:0:0:0:0:1', 'admin', 'http://localhost:8090/sys_perms_role/list', '2019-03-22 22:17:21');
INSERT INTO `sys_monitor_sql` VALUES ('0a46d4ff-fede-4a37-a587-dd4681f5a13f', ' select * from sys_schedule_timer_job   where 1=1   order by time desc  limit 0 , 5', 'null', '1', '0:0:0:0:0:0:0:1', '0:0:0:0:0:0:0:1', 'admin', 'http://localhost:8090/sys_schedule_timer/list', '2019-03-24 16:05:36');
INSERT INTO `sys_monitor_sql` VALUES ('0b8c2fd3-054b-4f05-9e6e-f7cc80126602', 'select id from  sys_user where username = ? ', 'admin,', '630', '0:0:0:0:0:0:0:1', '0:0:0:0:0:0:0:1', '', 'http://localhost:8090/common/login', '2019-03-24 14:49:48');
INSERT INTO `sys_monitor_sql` VALUES ('0c413f21-35be-422c-8701-5d80d277f7e5', ' select * from sys_monitor_sql   where 1=1   order by time desc  limit 5 , 5', 'null', '2', '0:0:0:0:0:0:0:1', '0:0:0:0:0:0:0:1', 'admin', 'http://localhost:8090/sys_monitor_sql/list', '2019-03-21 21:18:37');
INSERT INTO `sys_monitor_sql` VALUES ('0c7af513-3c74-4398-8010-9628cafaee63', ' select * from sys_schedule_timer_job   where 1=1   order by time desc  limit 0 , 5', 'null', '1', '0:0:0:0:0:0:0:1', '0:0:0:0:0:0:0:1', 'admin', 'http://localhost:8090/sys_schedule_timer/list', '2019-03-24 23:09:00');
INSERT INTO `sys_monitor_sql` VALUES ('0c90584a-f7a5-4a3e-9c90-00ed4b430392', ' select * from sys_schedule_timer_job   where 1=1   order by time desc  limit 0 , 5', 'null', '2', '0:0:0:0:0:0:0:1', '0:0:0:0:0:0:0:1', 'admin', 'http://localhost:8090/sys_schedule_timer/list', '2019-03-24 15:15:55');
INSERT INTO `sys_monitor_sql` VALUES ('0de4996b-0fc8-4e03-8e46-6f81561abdc4', ' select * from sys_monitor_sql   where 1=1   order by time desc  limit 155 , 5', 'null', '5', '0:0:0:0:0:0:0:1', '0:0:0:0:0:0:0:1', 'admin', 'http://localhost:8090/sys_monitor_sql/list', '2019-03-24 11:42:43');
INSERT INTO `sys_monitor_sql` VALUES ('0f3acb8e-6451-4c2b-96b0-ad290ef6ef6a', ' select * from sys_schedule_timer_job   where 1=1   order by time desc  limit 0 , 5', 'null', '1', '0:0:0:0:0:0:0:1', '0:0:0:0:0:0:0:1', 'admin', 'http://localhost:8090/sys_schedule_timer/list', '2019-03-24 15:23:29');
INSERT INTO `sys_monitor_sql` VALUES ('112a0637-396c-4e2a-bc18-8a94ec2f9c7c', ' select * from sys_schedule_timer_job   where 1=1   order by time desc  limit 0 , 5', 'null', '1', '0:0:0:0:0:0:0:1', '0:0:0:0:0:0:0:1', 'admin', 'http://localhost:8090/sys_schedule_timer/list', '2019-03-24 21:52:28');
INSERT INTO `sys_monitor_sql` VALUES ('1135cfb0-901a-4376-ab63-23735399ce3d', 'select * from sys_perms_role  where 1=1  limit 0 , 5', 'null', '2', '0:0:0:0:0:0:0:1', '0:0:0:0:0:0:0:1', 'admin', 'http://localhost:8090/sys_perms_role/list', '2019-03-22 22:45:26');
INSERT INTO `sys_monitor_sql` VALUES ('12d49bfe-515b-402b-877a-b3f0a9f20fa8', 'select * from sys_user  where 1=1  limit 0 , 5', 'null', '4', '0:0:0:0:0:0:0:1', '0:0:0:0:0:0:0:1', 'admin', 'http://localhost:8090/sys_user/list', '2019-03-24 22:51:22');
INSERT INTO `sys_monitor_sql` VALUES ('1333e84b-f5f5-4388-b2d0-fe9d9e8635a2', ' select * from sys_schedule_timer_job   where 1=1   order by time desc  limit 0 , 5', 'null', '1', '0:0:0:0:0:0:0:1', '0:0:0:0:0:0:0:1', 'admin', 'http://localhost:8090/sys_schedule_timer/list', '2019-03-24 22:57:04');
INSERT INTO `sys_monitor_sql` VALUES ('1349b167-70a1-4dad-9321-aebd8d57f78e', 'select sys_perms_role.* from sys_perms_role , sys_perms_user_role where sys_perms_role.id = sys_perms_user_role.role_id and sys_perms_user_role.user_id =\'01e1084a-1e70-4795-be8f-edc913a471e6\'', 'null', '1', '0:0:0:0:0:0:0:1', '0:0:0:0:0:0:0:1', '', 'http://localhost:8090/common/login', '2019-03-24 16:07:10');
INSERT INTO `sys_monitor_sql` VALUES ('1468cf09-e4ac-4bad-899b-2b1919cf9672', 'select * from sys_user  where 1=1  limit 0 , 5', 'null', '2', '0:0:0:0:0:0:0:1', '0:0:0:0:0:0:0:1', 'admin', 'http://localhost:8090/sys_user/list', '2019-03-24 22:15:47');
INSERT INTO `sys_monitor_sql` VALUES ('146fb803-0da5-4fc8-b857-d2c5f5ae86ba', ' select * from sys_monitor_sql   where 1=1  limit 40 , 5 ', 'null', '1', '0:0:0:0:0:0:0:1', '0:0:0:0:0:0:0:1', 'admin', 'http://localhost:8090/sys_monitor_sql/list', '2019-03-21 20:55:48');
INSERT INTO `sys_monitor_sql` VALUES ('14766d4d-d2b4-4b4c-8024-9e206d40a256', ' select * from sys_schedule_timer_job   where 1=1   order by time desc  limit 0 , 5', 'null', '4', '0:0:0:0:0:0:0:1', '0:0:0:0:0:0:0:1', 'admin', 'http://localhost:8090/sys_schedule_timer/list', '2019-03-24 22:21:05');
INSERT INTO `sys_monitor_sql` VALUES ('1506c25b-763e-41ef-a5a5-8e93b5942970', 'select * from sys_perms_role  where 1=1  limit 0 , 5', 'null', '2', '0:0:0:0:0:0:0:1', '0:0:0:0:0:0:0:1', 'admin', 'http://localhost:8090/sys_perms_role/list', '2019-03-22 22:45:47');
INSERT INTO `sys_monitor_sql` VALUES ('150e5cca-148d-4656-9eb6-2f26e1bedde4', 'select * from sys_perms_role  where 1=1  limit 0 , 5', 'null', '4', '0:0:0:0:0:0:0:1', '0:0:0:0:0:0:0:1', 'admin', 'http://localhost:8090/sys_perms_role/list', '2019-03-22 22:33:21');
INSERT INTO `sys_monitor_sql` VALUES ('16ce376e-36e7-4578-a5e9-fe95719abb88', ' select * from sys_schedule_timer_job   where 1=1   order by time desc  limit 0 , 5', 'null', '1', '0:0:0:0:0:0:0:1', '0:0:0:0:0:0:0:1', 'admin', 'http://localhost:8090/sys_schedule_timer/list', '2019-03-24 15:07:25');
INSERT INTO `sys_monitor_sql` VALUES ('189bb410-a747-46c8-b4ef-0fa2adef9021', 'select * from sys_perms_role  where 1=1  limit 0 , 5', 'null', '1', '0:0:0:0:0:0:0:1', '0:0:0:0:0:0:0:1', 'admin', 'http://localhost:8090/sys_perms_role/list', '2019-03-24 12:25:16');
INSERT INTO `sys_monitor_sql` VALUES ('19d50c1c-2187-4c20-af72-dc780789905d', 'select * from sys_perms_role  where 1=1  limit 0 , 5', 'null', '1', '0:0:0:0:0:0:0:1', '0:0:0:0:0:0:0:1', 'admin', 'http://localhost:8090/sys_perms_role/list', '2019-03-24 14:33:06');
INSERT INTO `sys_monitor_sql` VALUES ('1a966f33-d1d5-4be5-b5f6-2772735b1345', 'select sys_perms_role.* from sys_perms_role , sys_perms_user_role where sys_perms_role.id = sys_perms_user_role.role_id and sys_perms_user_role.user_id =\'01e1084a-1e70-4795-be8f-edc913a471e6\'', 'null', '1', '0:0:0:0:0:0:0:1', '0:0:0:0:0:0:0:1', '', 'http://localhost:8090/common/login', '2019-03-21 21:13:56');
INSERT INTO `sys_monitor_sql` VALUES ('1aca817b-7a78-4148-9feb-3a7ca5362085', 'select * from sys_perms_role  where 1=1  limit 0 , 5', 'null', '1', '0:0:0:0:0:0:0:1', '0:0:0:0:0:0:0:1', 'admin', 'http://localhost:8090/sys_perms_role/list', '2019-03-24 12:17:50');
INSERT INTO `sys_monitor_sql` VALUES ('1ad14863-bc6d-4e33-84da-cb8eab27da5f', ' select * from sys_schedule_timer_job   where 1=1   order by time desc  limit 0 , 5', 'null', '1', '0:0:0:0:0:0:0:1', '0:0:0:0:0:0:0:1', 'admin', 'http://localhost:8090/sys_schedule_timer/list', '2019-03-24 22:20:28');
INSERT INTO `sys_monitor_sql` VALUES ('1ae4b19b-b1a2-4e3b-bc14-acfa3181430d', ' select * from sys_monitor_sql   where 1=1   order by time desc  limit 30 , 5', 'null', '1', '0:0:0:0:0:0:0:1', '0:0:0:0:0:0:0:1', 'admin', 'http://localhost:8090/sys_monitor_sql/list', '2019-03-24 11:42:41');
INSERT INTO `sys_monitor_sql` VALUES ('1b412a31-03f5-4638-be1a-b7412f347c47', ' select * from sys_monitor_sql   where 1=1  limit 0 , 5', 'null', '1', '0:0:0:0:0:0:0:1', '0:0:0:0:0:0:0:1', 'admin', 'http://localhost:8090/sys_monitor_sql/list', '2019-03-21 21:07:15');
INSERT INTO `sys_monitor_sql` VALUES ('1b72f117-0bde-498f-a592-37a498a44dd3', 'select * from sys_perms_role  where 1=1  limit 0 , 5', 'null', '3', '0:0:0:0:0:0:0:1', '0:0:0:0:0:0:0:1', 'admin', 'http://localhost:8090/sys_perms_role/list', '2019-03-22 22:15:35');
INSERT INTO `sys_monitor_sql` VALUES ('1b98ea63-c915-415f-93e3-11b8e2085a56', 'select sys_perms_role_urls.url from sys_perms_user_role,sys_perms_role , sys_perms_role_urls where sys_perms_role.id = sys_perms_role_urls.role_id and sys_perms_user_role.role_id = sys_perms_role.id and sys_perms_user_role.user_id =\'01e1084a-1e70-4795-be8f-edc913a471e6\'', 'null', '3', '0:0:0:0:0:0:0:1', '0:0:0:0:0:0:0:1', '', 'http://localhost:8090/common/login', '2019-03-24 15:14:14');
INSERT INTO `sys_monitor_sql` VALUES ('1c26d7ef-9122-431d-8cdb-255467ac14b7', 'select * from sys_perms_role  where 1=1  limit 0 , 5', 'null', '1', '0:0:0:0:0:0:0:1', '0:0:0:0:0:0:0:1', 'admin', 'http://localhost:8090/sys_perms_role/list', '2019-03-24 12:30:12');
INSERT INTO `sys_monitor_sql` VALUES ('1c290081-d3cf-47f3-ab8f-dcfbfd5220f8', ' select * from sys_schedule_timer_job   where 1=1   order by time desc  limit 0 , 5', 'null', '1', '0:0:0:0:0:0:0:1', '0:0:0:0:0:0:0:1', 'admin', 'http://localhost:8090/sys_schedule_timer/list', '2019-03-24 23:12:05');
INSERT INTO `sys_monitor_sql` VALUES ('1c654dbe-ae23-4c5e-91c3-ebf53474a101', 'select id from  sys_user where username = ? ', 'admin,', '447', '0:0:0:0:0:0:0:1', '0:0:0:0:0:0:0:1', '', 'http://localhost:8090/common/login', '2019-03-24 14:42:26');
INSERT INTO `sys_monitor_sql` VALUES ('1cf1dcc5-8461-4c96-b0bb-a37840e6d4ff', 'select sys_perms_role.* from sys_perms_role , sys_perms_user_role where sys_perms_role.id = sys_perms_user_role.role_id and sys_perms_user_role.user_id =\'01e1084a-1e70-4795-be8f-edc913a471e6\'', 'null', '2', '0:0:0:0:0:0:0:1', '0:0:0:0:0:0:0:1', '', 'http://localhost:8090/common/login', '2019-03-24 11:41:12');
INSERT INTO `sys_monitor_sql` VALUES ('1dbef040-0e87-4d6b-ab6a-cbd6de2fa015', 'select * from sys_user  where 1=1  limit 5 , 5', 'null', '1', '0:0:0:0:0:0:0:1', '0:0:0:0:0:0:0:1', 'admin', 'http://localhost:8090/sys_user/list', '2019-03-21 21:17:32');
INSERT INTO `sys_monitor_sql` VALUES ('1e9fad84-d014-424f-afc2-d59068686b46', ' select * from sys_schedule_timer_job   where 1=1   order by time desc  limit 0 , 5', 'null', '1', '0:0:0:0:0:0:0:1', '0:0:0:0:0:0:0:1', 'admin', 'http://localhost:8090/sys_schedule_timer/list', '2019-03-24 22:42:49');
INSERT INTO `sys_monitor_sql` VALUES ('1f91fecc-0000-4b70-bae8-8b976c45f9b7', 'select id from  sys_user where username = ? ', 'admin,', '534', '0:0:0:0:0:0:0:1', '0:0:0:0:0:0:0:1', '', 'http://localhost:8090/common/login', '2019-03-24 16:07:10');
INSERT INTO `sys_monitor_sql` VALUES ('1faab9f5-2dad-4313-b742-b9406452de11', ' select * from sys_schedule_timer_job   where 1=1   order by time desc  limit 0 , 5', 'null', '2', '0:0:0:0:0:0:0:1', '0:0:0:0:0:0:0:1', 'admin', 'http://localhost:8090/sys_schedule_timer/list', '2019-03-24 21:56:34');
INSERT INTO `sys_monitor_sql` VALUES ('1fcef3f5-c856-45fe-83b7-ac5ab6733159', 'select id from  sys_user where username = ? ', 'admin,', '385', '0:0:0:0:0:0:0:1', '0:0:0:0:0:0:0:1', '', 'http://localhost:8090/common/login', '2019-03-24 15:03:36');
INSERT INTO `sys_monitor_sql` VALUES ('1fec7866-3bc7-4787-a3b5-36cb6aa22d28', 'select * from sys_perms_role  where 1=1  limit 0 , 5', 'null', '1', '0:0:0:0:0:0:0:1', '0:0:0:0:0:0:0:1', 'admin', 'http://localhost:8090/sys_perms_role/list', '2019-03-24 14:34:40');
INSERT INTO `sys_monitor_sql` VALUES ('225ba2b5-cc52-4121-9f8c-82e78145945e', ' select * from sys_schedule_timer_job   where 1=1  and trigger_group_name like ?  and job_group_name like ?  and job_name like ?  and trigger_name like ?   order by time desc  limit 0 , 5', '%undefined%,%undefined%,%undefined%,%undefined%,', '3', '0:0:0:0:0:0:0:1', '0:0:0:0:0:0:0:1', 'admin', 'http://localhost:8090/sys_schedule_timer/list', '2019-03-24 15:21:28');
INSERT INTO `sys_monitor_sql` VALUES ('22c31234-d69f-454b-8424-346cdee0d84b', 'select * from sys_user  where 1=1  limit 0 , 5', 'null', '1', '0:0:0:0:0:0:0:1', '0:0:0:0:0:0:0:1', 'admin', 'http://localhost:8090/sys_user/list', '2019-03-24 15:14:15');
INSERT INTO `sys_monitor_sql` VALUES ('22c4902d-2a1c-4343-8d72-ee84706d4902', 'select * from sys_user  where 1=1  limit 0 , 5', 'null', '1', '0:0:0:0:0:0:0:1', '0:0:0:0:0:0:0:1', 'admin', 'http://localhost:8090/sys_user/list', '2019-03-22 22:14:30');
INSERT INTO `sys_monitor_sql` VALUES ('237a8d80-a4be-4e4f-be99-7374df511bb4', 'select * from sys_user  where 1=1  limit 0 , 5', 'null', '2', '0:0:0:0:0:0:0:1', '0:0:0:0:0:0:0:1', 'admin', 'http://localhost:8090/sys_user/list', '2019-03-24 16:00:04');
INSERT INTO `sys_monitor_sql` VALUES ('2429252c-4e78-4d50-a95c-1a7b593fd8bd', 'select * from sys_user  where 1=1  limit 40 , 20', 'null', '1', '0:0:0:0:0:0:0:1', '0:0:0:0:0:0:0:1', 'admin', 'http://localhost:8090/sys_user/list', '2019-03-21 20:49:25');
INSERT INTO `sys_monitor_sql` VALUES ('2445c408-dae8-4c8a-9b17-f457641b0a67', 'select * from sys_perms_role  where 1=1  limit 0 , 5', 'null', '1', '0:0:0:0:0:0:0:1', '0:0:0:0:0:0:0:1', 'admin', 'http://localhost:8090/sys_perms_role/list', '2019-03-22 22:45:45');
INSERT INTO `sys_monitor_sql` VALUES ('253982b4-19cc-4158-8033-050f6fdf7196', ' select * from sys_monitor_sql   where 1=1  limit 0 , 5', 'null', '1', '0:0:0:0:0:0:0:1', '0:0:0:0:0:0:0:1', 'admin', 'http://localhost:8090/sys_monitor_sql/list', '2019-03-21 20:25:20');
INSERT INTO `sys_monitor_sql` VALUES ('2554cd77-3b6d-478f-9a44-31c50a757d19', 'select sys_perms_role_urls.url from sys_perms_user_role,sys_perms_role , sys_perms_role_urls where sys_perms_role.id = sys_perms_role_urls.role_id and sys_perms_user_role.role_id = sys_perms_role.id and sys_perms_user_role.user_id =\'01e1084a-1e70-4795-be8f-edc913a471e6\'', 'null', '16', '0:0:0:0:0:0:0:1', '0:0:0:0:0:0:0:1', '', 'http://localhost:8090/common/login', '2019-03-22 22:11:15');
INSERT INTO `sys_monitor_sql` VALUES ('26e9a06b-034b-4363-8970-f42ea3bb809a', 'select * from sys_perms_role  where 1=1  limit 0 , 5', 'null', '1', '0:0:0:0:0:0:0:1', '0:0:0:0:0:0:0:1', 'admin', 'http://localhost:8090/sys_perms_role/list', '2019-03-22 22:31:30');
INSERT INTO `sys_monitor_sql` VALUES ('27d5bb41-9a1c-4659-9595-56bd1a758df4', ' select * from sys_schedule_timer_job   where 1=1   order by time desc  limit 0 , 5', 'null', '1', '0:0:0:0:0:0:0:1', '0:0:0:0:0:0:0:1', 'admin', 'http://localhost:8090/sys_schedule_timer/list', '2019-03-24 22:07:30');
INSERT INTO `sys_monitor_sql` VALUES ('28ae1a87-7a68-4421-83c0-da641cc03434', ' select * from sys_schedule_timer_job   where 1=1   order by time desc  limit 0 , 5', 'null', '2', '0:0:0:0:0:0:0:1', '0:0:0:0:0:0:0:1', 'admin', 'http://localhost:8090/sys_schedule_timer/list', '2019-03-24 15:23:33');
INSERT INTO `sys_monitor_sql` VALUES ('2930f0f1-14d5-482f-99dd-07dd78172382', ' select * from sys_schedule_timer_job   where 1=1   order by time desc  limit 0 , 5', 'null', '2', '0:0:0:0:0:0:0:1', '0:0:0:0:0:0:0:1', 'admin', 'http://localhost:8090/sys_schedule_timer/list', '2019-03-24 22:52:37');
INSERT INTO `sys_monitor_sql` VALUES ('2990bbe3-bd84-42b5-bca7-53282cdcd221', ' select * from sys_schedule_timer_job   where 1=1   order by time desc  limit 0 , 5', 'null', '2', '0:0:0:0:0:0:0:1', '0:0:0:0:0:0:0:1', 'admin', 'http://localhost:8090/sys_schedule_timer/list', '2019-03-24 22:57:06');
INSERT INTO `sys_monitor_sql` VALUES ('29a7dd6c-79cc-41ce-b170-d944c4c6374b', 'select sys_perms_role.* from sys_perms_role , sys_perms_user_role where sys_perms_role.id = sys_perms_user_role.role_id and sys_perms_user_role.user_id =\'01e1084a-1e70-4795-be8f-edc913a471e6\'', 'null', '1', '0:0:0:0:0:0:0:1', '0:0:0:0:0:0:0:1', '', 'http://localhost:8090/common/login', '2019-03-24 22:43:44');
INSERT INTO `sys_monitor_sql` VALUES ('29faf6e7-0c0b-4158-9035-cd7669f31c7c', 'select id from  sys_user where username = ? ', 'admin,', '508', '0:0:0:0:0:0:0:1', '0:0:0:0:0:0:0:1', '', 'http://localhost:8090/common/login', '2019-03-24 22:03:52');
INSERT INTO `sys_monitor_sql` VALUES ('2a04260c-1baf-4b76-9d9f-c4924dbf86de', 'select * from sys_perms_role  where 1=1  limit 0 , 5', 'null', '2', '0:0:0:0:0:0:0:1', '0:0:0:0:0:0:0:1', 'admin', 'http://localhost:8090/sys_perms_role/list', '2019-03-24 12:21:00');
INSERT INTO `sys_monitor_sql` VALUES ('2a9418fd-e3c0-407b-b9dd-56c57c8ff236', 'select id from  sys_user where username = ? ', 'admin,', '276', '0:0:0:0:0:0:0:1', '0:0:0:0:0:0:0:1', '', 'http://localhost:8090/common/login', '2019-03-21 20:55:13');
INSERT INTO `sys_monitor_sql` VALUES ('2b2bdb6e-0b52-4de6-a8c6-57a2fb5c3f15', ' select * from sys_monitor_sql   where 1=1  limit 25 , 5 ', 'null', '2', '0:0:0:0:0:0:0:1', '0:0:0:0:0:0:0:1', 'admin', 'http://localhost:8090/sys_monitor_sql/list', '2019-03-21 20:55:33');
INSERT INTO `sys_monitor_sql` VALUES ('2b79042d-568f-464c-872c-8b61a583d078', ' select * from sys_schedule_timer_job   where 1=1   order by time desc  limit 0 , 5', 'null', '1', '0:0:0:0:0:0:0:1', '0:0:0:0:0:0:0:1', 'admin', 'http://localhost:8090/sys_schedule_timer/list', '2019-03-24 22:40:55');
INSERT INTO `sys_monitor_sql` VALUES ('2b8a4f19-e0b7-433a-a791-f45eb0697ec6', ' select * from sys_monitor_sql   where 1=1   order by time desc  limit 25 , 5', 'null', '1', '0:0:0:0:0:0:0:1', '0:0:0:0:0:0:0:1', 'admin', 'http://localhost:8090/sys_monitor_sql/list', '2019-03-21 21:19:22');
INSERT INTO `sys_monitor_sql` VALUES ('2c604827-0b4b-45ae-b542-b7cfa652b4f0', ' select * from sys_schedule_timer_job   where 1=1   order by time desc  limit 0 , 5', 'null', '2', '0:0:0:0:0:0:0:1', '0:0:0:0:0:0:0:1', 'admin', 'http://localhost:8090/sys_schedule_timer/list', '2019-03-24 22:19:42');
INSERT INTO `sys_monitor_sql` VALUES ('2c638197-7e0a-4d50-85cf-562f8f55ab5e', ' select * from sys_schedule_timer_job   where 1=1   order by time desc  limit 0 , 5', 'null', '2', '0:0:0:0:0:0:0:1', '0:0:0:0:0:0:0:1', 'admin', 'http://localhost:8090/sys_schedule_timer/list', '2019-03-24 15:29:09');
INSERT INTO `sys_monitor_sql` VALUES ('2cc01158-1e9a-4b6b-b82a-3bf2ed3e21c5', ' select * from sys_monitor_sql   where 1=1   order by time desc  limit 90 , 5', 'null', '1', '0:0:0:0:0:0:0:1', '0:0:0:0:0:0:0:1', 'admin', 'http://localhost:8090/sys_monitor_sql/list', '2019-03-21 21:19:54');
INSERT INTO `sys_monitor_sql` VALUES ('2dd79ffe-85fe-4e32-9618-db9b11018652', 'select id from  sys_user where username = ? ', 'admin,', '565', '0:0:0:0:0:0:0:1', '0:0:0:0:0:0:0:1', '', 'http://localhost:8090/common/login', '2019-03-24 16:00:03');
INSERT INTO `sys_monitor_sql` VALUES ('2eafbace-c127-459b-8425-8306a26e643d', 'select sys_perms_role_urls.url from sys_perms_user_role,sys_perms_role , sys_perms_role_urls where sys_perms_role.id = sys_perms_role_urls.role_id and sys_perms_user_role.role_id = sys_perms_role.id and sys_perms_user_role.user_id =\'01e1084a-1e70-4795-be8f-edc913a471e6\'', 'null', '5', '0:0:0:0:0:0:0:1', '0:0:0:0:0:0:0:1', '', 'http://localhost:8090/common/login', '2019-03-24 16:07:10');
INSERT INTO `sys_monitor_sql` VALUES ('305107af-c466-47ec-88f6-dea5d4ac9672', 'select sys_perms_role.* from sys_perms_role , sys_perms_user_role where sys_perms_role.id = sys_perms_user_role.role_id and sys_perms_user_role.user_id =\'01e1084a-1e70-4795-be8f-edc913a471e6\'', 'null', '1', '0:0:0:0:0:0:0:1', '0:0:0:0:0:0:0:1', '', 'http://localhost:8090/common/login', '2019-03-24 22:03:53');
INSERT INTO `sys_monitor_sql` VALUES ('30a6b937-6b8c-4f0a-a75e-df093714ad14', 'select id from  sys_user where username = ? ', 'admin,', '349', '0:0:0:0:0:0:0:1', '0:0:0:0:0:0:0:1', '', 'http://localhost:8090/common/login', '2019-03-24 23:08:04');
INSERT INTO `sys_monitor_sql` VALUES ('33126ba2-16c7-4d95-bb3c-d574d072efa0', 'select sys_perms_role_urls.url from sys_perms_user_role,sys_perms_role , sys_perms_role_urls where sys_perms_role.id = sys_perms_role_urls.role_id and sys_perms_user_role.role_id = sys_perms_role.id and sys_perms_user_role.user_id =\'01e1084a-1e70-4795-be8f-edc913a471e6\'', 'null', '2', '0:0:0:0:0:0:0:1', '0:0:0:0:0:0:0:1', '', 'http://localhost:8090/common/login', '2019-03-24 16:05:32');
INSERT INTO `sys_monitor_sql` VALUES ('33a718b3-632e-44a0-ae33-10c735575f7b', 'select id from  sys_user where username = ? ', 'admin,', '350', '0:0:0:0:0:0:0:1', '0:0:0:0:0:0:0:1', '', 'http://localhost:8090/common/login', '2019-03-21 21:10:13');
INSERT INTO `sys_monitor_sql` VALUES ('33a9dc91-f421-402a-8450-73519ef786f6', ' select * from sys_schedule_timer_job   where 1=1   order by time desc  limit 0 , 5', 'null', '2', '0:0:0:0:0:0:0:1', '0:0:0:0:0:0:0:1', 'admin', 'http://localhost:8090/sys_schedule_timer/list', '2019-03-24 22:20:22');
INSERT INTO `sys_monitor_sql` VALUES ('33e75c9c-7b49-4d58-a437-d0a8f92267c8', ' select * from sys_schedule_timer_job   where 1=1  and job_name like ?   order by time desc  limit 0 , 5', '%测试%,', '2', '0:0:0:0:0:0:0:1', '0:0:0:0:0:0:0:1', 'admin', 'http://localhost:8090/sys_schedule_timer/list', '2019-03-24 15:31:27');
INSERT INTO `sys_monitor_sql` VALUES ('340d56ac-f694-4025-833b-f1e8c5471ded', 'select sys_perms_role_urls.url from sys_perms_user_role,sys_perms_role , sys_perms_role_urls where sys_perms_role.id = sys_perms_role_urls.role_id and sys_perms_user_role.role_id = sys_perms_role.id and sys_perms_user_role.user_id =\'01e1084a-1e70-4795-be8f-edc913a471e6\'', 'null', '3', '0:0:0:0:0:0:0:1', '0:0:0:0:0:0:0:1', '', 'http://localhost:8090/common/login', '2019-03-21 21:17:17');
INSERT INTO `sys_monitor_sql` VALUES ('34369339-32ac-4924-a95b-639f0443ab70', 'select sys_perms_role_urls.url from sys_perms_user_role,sys_perms_role , sys_perms_role_urls where sys_perms_role.id = sys_perms_role_urls.role_id and sys_perms_user_role.role_id = sys_perms_role.id and sys_perms_user_role.user_id =\'01e1084a-1e70-4795-be8f-edc913a471e6\'', 'null', '9', '0:0:0:0:0:0:0:1', '0:0:0:0:0:0:0:1', '', 'http://localhost:8090/common/login', '2019-03-24 14:23:57');
INSERT INTO `sys_monitor_sql` VALUES ('3538e710-d4e5-4d5f-bb68-c859127c1ad7', ' select * from sys_schedule_timer_job   where 1=1   order by time desc  limit 0 , 5', 'null', '2', '0:0:0:0:0:0:0:1', '0:0:0:0:0:0:0:1', 'admin', 'http://localhost:8090/sys_schedule_timer/list', '2019-03-24 15:28:03');
INSERT INTO `sys_monitor_sql` VALUES ('3573c65f-6a7f-4239-9f49-7c8128ed060b', ' select * from sys_monitor_sql   where 1=1  limit 0 , 5', 'null', '1', '0:0:0:0:0:0:0:1', '0:0:0:0:0:0:0:1', 'admin', 'http://localhost:8090/sys_monitor_sql/list', '2019-03-21 20:28:09');
INSERT INTO `sys_monitor_sql` VALUES ('35c3d6e8-a4f6-40f8-90c3-6aac88e7bfd9', 'select id from  sys_user where username = ? ', 'admin,', '699', '0:0:0:0:0:0:0:1', '0:0:0:0:0:0:0:1', '', 'http://localhost:8090/common/login', '2019-03-24 15:14:14');
INSERT INTO `sys_monitor_sql` VALUES ('35d30e45-b075-43dd-a535-07e97c508698', 'select * from sys_user  where 1=1  limit 0 , 5', 'null', '1', '0:0:0:0:0:0:0:1', '0:0:0:0:0:0:0:1', 'admin', 'http://localhost:8090/sys_user/list', '2019-03-24 12:16:48');
INSERT INTO `sys_monitor_sql` VALUES ('360df817-422f-4492-8fa7-fab9f803922e', 'select * from sys_user  where 1=1  limit 0 , 5', 'null', '1', '0:0:0:0:0:0:0:1', '0:0:0:0:0:0:0:1', 'admin', 'http://localhost:8090/sys_user/list', '2019-03-22 22:44:32');
INSERT INTO `sys_monitor_sql` VALUES ('360fe7dc-c44f-46fb-9318-8be33dd29736', ' select * from sys_schedule_timer_job   where 1=1   order by time desc  limit 0 , 5', 'null', '2', '0:0:0:0:0:0:0:1', '0:0:0:0:0:0:0:1', 'admin', 'http://localhost:8090/sys_schedule_timer/list', '2019-03-24 22:00:47');
INSERT INTO `sys_monitor_sql` VALUES ('3660a7c3-6889-4f58-a525-aeb1b1047b9d', 'select sys_perms_role_urls.url from sys_perms_user_role,sys_perms_role , sys_perms_role_urls where sys_perms_role.id = sys_perms_role_urls.role_id and sys_perms_user_role.role_id = sys_perms_role.id and sys_perms_user_role.user_id =\'01e1084a-1e70-4795-be8f-edc913a471e6\'', 'null', '3', '0:0:0:0:0:0:0:1', '0:0:0:0:0:0:0:1', '', 'http://localhost:8090/common/login', '2019-03-21 20:51:13');
INSERT INTO `sys_monitor_sql` VALUES ('367ac4f3-cf20-4f92-96f1-fd4d520a71fd', 'select id from  sys_user where username = ? ', 'admin,', '493', '0:0:0:0:0:0:0:1', '0:0:0:0:0:0:0:1', '', 'http://localhost:8090/common/login', '2019-03-24 21:52:24');
INSERT INTO `sys_monitor_sql` VALUES ('36d88615-cd8f-4a2c-a51d-d9ba7c062ab8', ' select * from sys_schedule_timer_job   where 1=1  and trigger_group_name like ?  and job_group_name like ?  and job_name like ?  and trigger_name like ?   order by time desc  limit 0 , 5', '%undefined%,%undefined%,%undefined%,%undefined%,', '2', '0:0:0:0:0:0:0:1', '0:0:0:0:0:0:0:1', 'admin', 'http://localhost:8090/sys_schedule_timer/list', '2019-03-24 15:20:43');
INSERT INTO `sys_monitor_sql` VALUES ('38de72e8-f738-41d8-825f-1c216250b2b9', 'select * from sys_user  where 1=1  limit 0 , 5', 'null', '1', '0:0:0:0:0:0:0:1', '0:0:0:0:0:0:0:1', 'admin', 'http://localhost:8090/sys_user/list', '2019-03-24 23:08:05');
INSERT INTO `sys_monitor_sql` VALUES ('38eeaa4c-dc14-4e6e-b153-6bdada518086', ' select * from sys_schedule_timer_job   where 1=1   order by time desc  limit 0 , 5', 'null', '3', '0:0:0:0:0:0:0:1', '0:0:0:0:0:0:0:1', 'admin', 'http://localhost:8090/sys_schedule_timer/list', '2019-03-24 15:23:36');
INSERT INTO `sys_monitor_sql` VALUES ('3913dffc-f2b0-4816-946a-95583104c153', ' select * from sys_monitor_sql   where 1=1   order by time desc  limit 5 , 5', 'null', '2', '0:0:0:0:0:0:0:1', '0:0:0:0:0:0:0:1', 'admin', 'http://localhost:8090/sys_monitor_sql/list', '2019-03-24 11:42:35');
INSERT INTO `sys_monitor_sql` VALUES ('3aa65543-3bd1-4a98-bc3a-ff5c06df9016', ' select * from sys_monitor_sql   where 1=1   order by time desc  limit 30 , 5', 'null', '2', '0:0:0:0:0:0:0:1', '0:0:0:0:0:0:0:1', 'admin', 'http://localhost:8090/sys_monitor_sql/list', '2019-03-24 11:57:44');
INSERT INTO `sys_monitor_sql` VALUES ('3ab8b787-49fa-43c6-9311-98147bb42a3d', 'select * from sys_perms_role  where 1=1  limit 0 , 5', 'null', '1', '0:0:0:0:0:0:0:1', '0:0:0:0:0:0:0:1', 'admin', 'http://localhost:8090/sys_perms_role/list', '2019-03-22 22:27:45');
INSERT INTO `sys_monitor_sql` VALUES ('3ac5fdcf-01cc-467c-a36e-107df89c8586', 'select * from sys_user  where 1=1  limit 0 , 5', 'null', '1', '0:0:0:0:0:0:0:1', '0:0:0:0:0:0:0:1', 'admin', 'http://localhost:8090/sys_user/list', '2019-03-24 22:27:17');
INSERT INTO `sys_monitor_sql` VALUES ('3b687cbe-77e0-4209-a7e9-3826ce1f650c', 'select id from  sys_user where username = ? ', 'admin,', '694', '0:0:0:0:0:0:0:1', '0:0:0:0:0:0:0:1', '', 'http://localhost:8090/common/login', '2019-03-24 11:41:12');
INSERT INTO `sys_monitor_sql` VALUES ('3c33143c-73c0-45d7-8fa6-518426df974b', 'select sys_perms_role_urls.url from sys_perms_user_role,sys_perms_role , sys_perms_role_urls where sys_perms_role.id = sys_perms_role_urls.role_id and sys_perms_user_role.role_id = sys_perms_role.id and sys_perms_user_role.user_id =\'01e1084a-1e70-4795-be8f-edc913a471e6\'', 'null', '8', '0:0:0:0:0:0:0:1', '0:0:0:0:0:0:0:1', '', 'http://localhost:8090/common/login', '2019-03-24 21:52:24');
INSERT INTO `sys_monitor_sql` VALUES ('3c55843d-2823-4ee9-befc-148afdda278a', 'select * from sys_perms_role  where 1=1  limit 0 , 5', 'null', '1', '0:0:0:0:0:0:0:1', '0:0:0:0:0:0:0:1', 'admin', 'http://localhost:8090/sys_perms_role/list', '2019-03-24 15:28:28');
INSERT INTO `sys_monitor_sql` VALUES ('3d9ceb1e-9677-4121-a736-229c5ee35db6', ' select * from sys_schedule_timer_job   where 1=1   order by time desc  limit 0 , 5', 'null', '1', '0:0:0:0:0:0:0:1', '0:0:0:0:0:0:0:1', 'admin', 'http://localhost:8090/sys_schedule_timer/list', '2019-03-24 22:11:31');
INSERT INTO `sys_monitor_sql` VALUES ('3f6dadd0-8eca-47d4-a090-3d9a76643776', 'select sys_perms_role_urls.url from sys_perms_user_role,sys_perms_role , sys_perms_role_urls where sys_perms_role.id = sys_perms_role_urls.role_id and sys_perms_user_role.role_id = sys_perms_role.id and sys_perms_user_role.user_id =\'01e1084a-1e70-4795-be8f-edc913a471e6\'', 'null', '3', '0:0:0:0:0:0:0:1', '0:0:0:0:0:0:0:1', '', 'http://localhost:8090/common/login', '2019-03-21 21:10:13');
INSERT INTO `sys_monitor_sql` VALUES ('3f9dd5f6-e0fb-42fc-a11a-7325651e6832', 'select sys_perms_role.* from sys_perms_role , sys_perms_user_role where sys_perms_role.id = sys_perms_user_role.role_id and sys_perms_user_role.user_id =\'01e1084a-1e70-4795-be8f-edc913a471e6\'', 'null', '1', '0:0:0:0:0:0:0:1', '0:0:0:0:0:0:0:1', '', 'http://localhost:8090/common/login', '2019-03-24 22:57:43');
INSERT INTO `sys_monitor_sql` VALUES ('41827259-37ac-4807-a050-a4705e5fe017', ' select * from sys_monitor_sql   where 1=1   order by time desc  limit 5 , 5', 'null', '2', '0:0:0:0:0:0:0:1', '0:0:0:0:0:0:0:1', 'admin', 'http://localhost:8090/sys_monitor_sql/list', '2019-03-24 11:57:35');
INSERT INTO `sys_monitor_sql` VALUES ('41ba6c7c-d033-4d21-82ad-731207f37e43', 'select * from sys_user  where 1=1  limit 0 , 5', 'null', '2', '0:0:0:0:0:0:0:1', '0:0:0:0:0:0:0:1', 'admin', 'http://localhost:8090/sys_user/list', '2019-03-24 22:43:46');
INSERT INTO `sys_monitor_sql` VALUES ('4357eec0-9590-4ff5-b7e8-1f7649d2f02e', ' select * from sys_schedule_timer_job   where 1=1  and job_group_name like ?  and job_name like ?   order by time desc  limit 0 , 5', '%undefined%,%undefined%,', '1', '0:0:0:0:0:0:0:1', '0:0:0:0:0:0:0:1', 'admin', 'http://localhost:8090/sys_schedule_timer/list', '2019-03-24 15:20:13');
INSERT INTO `sys_monitor_sql` VALUES ('44559f77-96c8-414a-b2a6-35abe95e95ba', ' select * from sys_monitor_sql   where 1=1  limit 0 , 20', 'null', '3', '0:0:0:0:0:0:0:1', '0:0:0:0:0:0:0:1', 'admin', 'http://localhost:8090/sys_monitor_sql/list', '2019-03-21 20:52:05');
INSERT INTO `sys_monitor_sql` VALUES ('47f547ba-4137-4340-8af3-c274283833d0', ' select * from sys_monitor_sql   where 1=1  limit 15 , 5 ', 'null', '1', '0:0:0:0:0:0:0:1', '0:0:0:0:0:0:0:1', 'admin', 'http://localhost:8090/sys_monitor_sql/list', '2019-03-21 20:55:29');
INSERT INTO `sys_monitor_sql` VALUES ('48069f79-b53c-44f3-9542-e516b29c1d2b', 'select id from  sys_user where username = ? ', 'admin,', '294', '0:0:0:0:0:0:0:1', '0:0:0:0:0:0:0:1', '', 'http://localhost:8090/common/login', '2019-03-21 20:57:07');
INSERT INTO `sys_monitor_sql` VALUES ('4825fec3-241f-4769-a71f-77b919e2def6', ' select * from sys_schedule_timer_job   where 1=1   order by time desc  limit 0 , 5', 'null', '1', '0:0:0:0:0:0:0:1', '0:0:0:0:0:0:0:1', 'admin', 'http://localhost:8090/sys_schedule_timer/list', '2019-03-24 21:47:25');
INSERT INTO `sys_monitor_sql` VALUES ('4a3efd8c-85a0-448a-981c-d4bb4e209768', 'select sys_perms_role_urls.url from sys_perms_user_role,sys_perms_role , sys_perms_role_urls where sys_perms_role.id = sys_perms_role_urls.role_id and sys_perms_user_role.role_id = sys_perms_role.id and sys_perms_user_role.user_id =\'01e1084a-1e70-4795-be8f-edc913a471e6\'', 'null', '2', '0:0:0:0:0:0:0:1', '0:0:0:0:0:0:0:1', '', 'http://localhost:8090/common/login', '2019-03-21 20:57:07');
INSERT INTO `sys_monitor_sql` VALUES ('4a8b5c4b-22a1-4c7e-90a4-0a07f40ec529', ' select * from sys_monitor_sql   where 1=1  limit 15 , 5', 'null', '1', '0:0:0:0:0:0:0:1', '0:0:0:0:0:0:0:1', 'admin', 'http://localhost:8090/sys_monitor_sql/list', '2019-03-21 21:06:54');
INSERT INTO `sys_monitor_sql` VALUES ('4c09f557-11c5-40ec-8417-0cf28d8c3e39', 'select id from  sys_user where username = ? ', 'admin,', '639', '0:0:0:0:0:0:0:1', '0:0:0:0:0:0:0:1', '', 'http://localhost:8090/common/login', '2019-03-24 22:51:22');
INSERT INTO `sys_monitor_sql` VALUES ('4c989eff-7219-42e9-8ec1-b9830df31386', 'select * from sys_perms_role  where 1=1  limit 0 , 5', 'null', '1', '0:0:0:0:0:0:0:1', '0:0:0:0:0:0:0:1', 'admin', 'http://localhost:8090/sys_perms_role/list', '2019-03-24 11:53:13');
INSERT INTO `sys_monitor_sql` VALUES ('4c9ae323-8fdb-473c-bba7-740f6abcbc60', 'select * from sys_perms_role  where 1=1  limit 0 , 5', 'null', '2', '0:0:0:0:0:0:0:1', '0:0:0:0:0:0:0:1', 'admin', 'http://localhost:8090/sys_perms_role/list', '2019-03-22 22:29:14');
INSERT INTO `sys_monitor_sql` VALUES ('4d47eede-ca09-4bd4-ad1d-5d66757926e1', 'select id from  sys_user where username = ? ', 'admin,', '321', '0:0:0:0:0:0:0:1', '0:0:0:0:0:0:0:1', '', 'http://localhost:8090/common/login', '2019-03-24 22:15:46');
INSERT INTO `sys_monitor_sql` VALUES ('4e1a81e5-3f24-4625-b1cc-f061e478d872', ' select * from sys_schedule_timer_job   where 1=1   order by time desc  limit 0 , 5', 'null', '1', '0:0:0:0:0:0:0:1', '0:0:0:0:0:0:0:1', 'admin', 'http://localhost:8090/sys_schedule_timer/list', '2019-03-24 23:12:06');
INSERT INTO `sys_monitor_sql` VALUES ('4f26b054-70fa-4ecb-b71e-1e1b5381426a', ' select * from sys_schedule_timer_job   where 1=1   order by time desc  limit 0 , 5', 'null', '3', '0:0:0:0:0:0:0:1', '0:0:0:0:0:0:0:1', 'admin', 'http://localhost:8090/sys_schedule_timer/list', '2019-03-24 15:28:36');
INSERT INTO `sys_monitor_sql` VALUES ('4f3f2e46-cdd6-415e-80bb-eb0b98c1657a', ' select * from sys_monitor_sql   where 1=1  limit 0 , 5 ', 'null', '4', '0:0:0:0:0:0:0:1', '0:0:0:0:0:0:0:1', 'admin', 'http://localhost:8090/sys_monitor_sql/list', '2019-03-21 20:55:22');
INSERT INTO `sys_monitor_sql` VALUES ('5175e2af-bd9e-439c-b91a-352f02ef6ad6', ' select * from sys_schedule_timer_job   where 1=1   order by time desc  limit 0 , 5', 'null', '1', '0:0:0:0:0:0:0:1', '0:0:0:0:0:0:0:1', 'admin', 'http://localhost:8090/sys_schedule_timer/list', '2019-03-24 22:41:19');
INSERT INTO `sys_monitor_sql` VALUES ('51cff3b9-a227-472a-89a1-31d9aa2683f6', ' select * from sys_schedule_timer_job   where 1=1   order by time desc  limit 0 , 5', 'null', '1', '0:0:0:0:0:0:0:1', '0:0:0:0:0:0:0:1', 'admin', 'http://localhost:8090/sys_schedule_timer/list', '2019-03-24 15:12:57');
INSERT INTO `sys_monitor_sql` VALUES ('520c17c4-4dfb-4473-b4d8-25410fe9aa93', 'select sys_perms_role_urls.url from sys_perms_user_role,sys_perms_role , sys_perms_role_urls where sys_perms_role.id = sys_perms_role_urls.role_id and sys_perms_user_role.role_id = sys_perms_role.id and sys_perms_user_role.user_id =\'01e1084a-1e70-4795-be8f-edc913a471e6\'', 'null', '3', '0:0:0:0:0:0:0:1', '0:0:0:0:0:0:0:1', '', 'http://localhost:8090/common/login', '2019-03-24 16:00:03');
INSERT INTO `sys_monitor_sql` VALUES ('524d06a1-4155-4fb2-9b48-6a51a9254094', 'select sys_perms_role_urls.url from sys_perms_user_role,sys_perms_role , sys_perms_role_urls where sys_perms_role.id = sys_perms_role_urls.role_id and sys_perms_user_role.role_id = sys_perms_role.id and sys_perms_user_role.user_id =\'01e1084a-1e70-4795-be8f-edc913a471e6\'', 'null', '7', '0:0:0:0:0:0:0:1', '0:0:0:0:0:0:0:1', '', 'http://localhost:8090/common/login', '2019-03-24 22:03:52');
INSERT INTO `sys_monitor_sql` VALUES ('53702f43-036a-401b-ae42-cf22494f37bb', ' select * from sys_monitor_sql   where 1=1  limit 5 , 5', 'null', '1', '0:0:0:0:0:0:0:1', '0:0:0:0:0:0:0:1', 'admin', 'http://localhost:8090/sys_monitor_sql/list', '2019-03-21 21:09:34');
INSERT INTO `sys_monitor_sql` VALUES ('542d50d4-1acf-4390-9080-d22e80157440', 'select * from sys_user  where 1=1  limit 0 , 5 ', 'null', '1', '0:0:0:0:0:0:0:1', '0:0:0:0:0:0:0:1', 'admin', 'http://localhost:8090/sys_user/list', '2019-03-21 20:57:08');
INSERT INTO `sys_monitor_sql` VALUES ('54cbff77-b784-4e79-89f0-5676c7e34ce9', 'select sys_perms_role.* from sys_perms_role , sys_perms_user_role where sys_perms_role.id = sys_perms_user_role.role_id and sys_perms_user_role.user_id =\'01e1084a-1e70-4795-be8f-edc913a471e6\'', 'null', '1', '0:0:0:0:0:0:0:1', '0:0:0:0:0:0:0:1', '', 'http://localhost:8090/common/login', '2019-03-21 21:10:13');
INSERT INTO `sys_monitor_sql` VALUES ('55d45e5f-a9dc-4760-9fff-aa6a084f1dfb', ' select * from sys_monitor_sql   where 1=1   order by time desc  limit 5 , 5', 'null', '2', '0:0:0:0:0:0:0:1', '0:0:0:0:0:0:0:1', 'admin', 'http://localhost:8090/sys_monitor_sql/list', '2019-03-21 21:19:07');
INSERT INTO `sys_monitor_sql` VALUES ('5825187d-721f-4264-b96f-d016fdaec28d', 'select sys_perms_role.* from sys_perms_role , sys_perms_user_role where sys_perms_role.id = sys_perms_user_role.role_id and sys_perms_user_role.user_id =\'01e1084a-1e70-4795-be8f-edc913a471e6\'', 'null', '1', '0:0:0:0:0:0:0:1', '0:0:0:0:0:0:0:1', '', 'http://localhost:8090/common/login', '2019-03-24 21:44:24');
INSERT INTO `sys_monitor_sql` VALUES ('58287ba7-9893-4e2f-bced-64b23c3bedf0', ' select * from sys_monitor_sql   where 1=1   order by time desc  limit 20 , 5', 'null', '2', '0:0:0:0:0:0:0:1', '0:0:0:0:0:0:0:1', 'admin', 'http://localhost:8090/sys_monitor_sql/list', '2019-03-24 11:57:40');
INSERT INTO `sys_monitor_sql` VALUES ('582b3af9-612c-4c68-a483-124c694ab7f9', 'select * from sys_perms_role  where 1=1  limit 0 , 5', 'null', '1', '0:0:0:0:0:0:0:1', '0:0:0:0:0:0:0:1', 'admin', 'http://localhost:8090/sys_perms_role/list', '2019-03-24 14:26:53');
INSERT INTO `sys_monitor_sql` VALUES ('5847a9a8-bbd8-47f2-8ea3-e72e7dd26ebd', 'select * from sys_user  where 1=1  limit 0 , 5', 'null', '2', '0:0:0:0:0:0:0:1', '0:0:0:0:0:0:0:1', 'admin', 'http://localhost:8090/sys_user/list', '2019-03-22 22:13:37');
INSERT INTO `sys_monitor_sql` VALUES ('596aae3a-cd3f-4f0a-a9bc-7c5265572a49', ' select * from sys_monitor_sql   where 1=1   order by time desc  limit 15 , 5', 'null', '3', '0:0:0:0:0:0:0:1', '0:0:0:0:0:0:0:1', 'admin', 'http://localhost:8090/sys_monitor_sql/list', '2019-03-24 11:57:38');
INSERT INTO `sys_monitor_sql` VALUES ('59f5a3aa-4d2b-4403-8be4-03d3bbc22365', ' select * from sys_schedule_timer_job   where 1=1   order by time desc  limit 0 , 5', 'null', '1', '0:0:0:0:0:0:0:1', '0:0:0:0:0:0:0:1', 'admin', 'http://localhost:8090/sys_schedule_timer/list', '2019-03-24 22:02:31');
INSERT INTO `sys_monitor_sql` VALUES ('5a3325c5-92ab-4a35-bc8c-2445245fdbef', 'select sys_perms_role.* from sys_perms_role , sys_perms_user_role where sys_perms_role.id = sys_perms_user_role.role_id and sys_perms_user_role.user_id =\'01e1084a-1e70-4795-be8f-edc913a471e6\'', 'null', '1', '0:0:0:0:0:0:0:1', '0:0:0:0:0:0:0:1', '', 'http://localhost:8090/common/login', '2019-03-21 21:17:17');
INSERT INTO `sys_monitor_sql` VALUES ('5aba096d-2414-45cd-9a17-91b6107a88e5', ' select * from sys_monitor_sql   where 1=1  limit 0 , 5', 'null', '2', '0:0:0:0:0:0:0:1', '0:0:0:0:0:0:0:1', 'admin', 'http://localhost:8090/sys_monitor_sql/list', '2019-03-21 20:25:09');
INSERT INTO `sys_monitor_sql` VALUES ('5d11a6c7-3ba9-4618-a2b5-97358fe2fc6e', 'select * from sys_perms_role  where 1=1  limit 0 , 5', 'null', '1', '0:0:0:0:0:0:0:1', '0:0:0:0:0:0:0:1', 'admin', 'http://localhost:8090/sys_perms_role/list', '2019-03-22 22:33:25');
INSERT INTO `sys_monitor_sql` VALUES ('5d95bb3e-99b2-4bbd-b412-a338aa70f23b', ' select * from sys_schedule_timer_job   where 1=1  and trigger_group_name like ?  and job_group_name like ?  and job_name like ?  and trigger_name like ?   order by time desc  limit 0 , 5', '%undefined%,%undefined%,%undefined%,%undefined%,', '0', '0:0:0:0:0:0:0:1', '0:0:0:0:0:0:0:1', 'admin', 'http://localhost:8090/sys_schedule_timer/list', '2019-03-24 15:21:56');
INSERT INTO `sys_monitor_sql` VALUES ('5da947ba-ce0c-4821-a56d-2f50f0d1d50d', 'select * from sys_user  where 1=1  limit 0 , 5', 'null', '1', '0:0:0:0:0:0:0:1', '0:0:0:0:0:0:0:1', 'admin', 'http://localhost:8090/sys_user/list', '2019-03-22 22:31:27');
INSERT INTO `sys_monitor_sql` VALUES ('5de187b9-4a58-4f03-9f14-57433f847e64', ' select * from sys_schedule_timer_job   where 1=1   order by time desc  limit 0 , 5', 'null', '1', '0:0:0:0:0:0:0:1', '0:0:0:0:0:0:0:1', 'admin', 'http://localhost:8090/sys_schedule_timer/list', '2019-03-24 22:23:16');
INSERT INTO `sys_monitor_sql` VALUES ('5df9f294-5ad6-4d26-b597-21336c53d542', ' select * from sys_schedule_timer_job   where 1=1   order by time desc  limit 0 , 5', 'null', '4', '0:0:0:0:0:0:0:1', '0:0:0:0:0:0:0:1', 'admin', 'http://localhost:8090/sys_schedule_timer/list', '2019-03-24 23:11:08');
INSERT INTO `sys_monitor_sql` VALUES ('5dfbde77-18d3-4bd6-9eac-cc6c67bfc984', ' select * from sys_monitor_sql   where 1=1  limit 30 , 5', 'null', '1', '0:0:0:0:0:0:0:1', '0:0:0:0:0:0:0:1', 'admin', 'http://localhost:8090/sys_monitor_sql/list', '2019-03-21 21:06:58');
INSERT INTO `sys_monitor_sql` VALUES ('5e329e8a-c25e-4f2e-bf34-81df4106ef6e', ' select * from sys_schedule_timer_job   where 1=1   order by time desc  limit 0 , 5', 'null', '1', '0:0:0:0:0:0:0:1', '0:0:0:0:0:0:0:1', 'admin', 'http://localhost:8090/sys_schedule_timer/list', '2019-03-24 22:05:01');
INSERT INTO `sys_monitor_sql` VALUES ('5e4a1ac3-f715-42f1-8070-698c3c91a05b', 'select * from sys_user  where 1=1  limit 0 , 5', 'null', '2', '0:0:0:0:0:0:0:1', '0:0:0:0:0:0:0:1', 'admin', 'http://localhost:8090/sys_user/list', '2019-03-24 22:57:44');
INSERT INTO `sys_monitor_sql` VALUES ('5e9c0b8b-c35c-4861-8118-c6f4e03a4667', 'select sys_perms_role_urls.url from sys_perms_user_role,sys_perms_role , sys_perms_role_urls where sys_perms_role.id = sys_perms_role_urls.role_id and sys_perms_user_role.role_id = sys_perms_role.id and sys_perms_user_role.user_id =\'01e1084a-1e70-4795-be8f-edc913a471e6\'', 'null', '11', '0:0:0:0:0:0:0:1', '0:0:0:0:0:0:0:1', '', 'http://localhost:8090/common/login', '2019-03-24 14:42:26');
INSERT INTO `sys_monitor_sql` VALUES ('606a2ac1-c6f4-4fe6-b739-48388a0a65ae', ' select * from sys_monitor_sql   where 1=1   order by time desc  limit 15 , 5', 'null', '3', '0:0:0:0:0:0:0:1', '0:0:0:0:0:0:0:1', 'admin', 'http://localhost:8090/sys_monitor_sql/list', '2019-03-21 21:19:19');
INSERT INTO `sys_monitor_sql` VALUES ('60a3e8b9-c506-4455-8f6f-73d2ed5c6c8a', ' select * from sys_schedule_timer_job   where 1=1   order by time desc  limit 0 , 5', 'null', '1', '0:0:0:0:0:0:0:1', '0:0:0:0:0:0:0:1', 'admin', 'http://localhost:8090/sys_schedule_timer/list', '2019-03-24 22:20:54');
INSERT INTO `sys_monitor_sql` VALUES ('627c6d95-8d20-4457-bff6-0a6e68ce1a1a', ' select * from sys_monitor_sql   where 1=1  limit 0 , 5', 'null', '5', '0:0:0:0:0:0:0:1', '0:0:0:0:0:0:0:1', 'admin', 'http://localhost:8090/sys_monitor_sql/list', '2019-03-21 21:06:43');
INSERT INTO `sys_monitor_sql` VALUES ('62af9e5c-7b22-490c-bac2-4ade89874420', 'select id from  sys_user where username = ? ', 'admin,', '593', '0:0:0:0:0:0:0:1', '0:0:0:0:0:0:0:1', '', 'http://localhost:8090/common/login', '2019-03-24 21:56:30');
INSERT INTO `sys_monitor_sql` VALUES ('62d7ee0e-fd10-4927-b185-453788b9dddf', 'select * from sys_user  where 1=1  limit 0 , 5', 'null', '1', '0:0:0:0:0:0:0:1', '0:0:0:0:0:0:0:1', 'admin', 'http://localhost:8090/sys_user/list', '2019-03-24 21:56:31');
INSERT INTO `sys_monitor_sql` VALUES ('6333edfb-1125-452b-a790-4ae479fd91cc', ' select * from sys_schedule_timer_job   where 1=1  and job_name like ?   order by time desc  limit 0 , 5', '%测试%,', '3', '0:0:0:0:0:0:0:1', '0:0:0:0:0:0:0:1', 'admin', 'http://localhost:8090/sys_schedule_timer/list', '2019-03-24 15:31:36');
INSERT INTO `sys_monitor_sql` VALUES ('634e2bb1-efc4-4212-88f4-1b836faaea35', ' select * from sys_schedule_timer_job   where 1=1   order by time desc  limit 0 , 5', 'null', '1', '0:0:0:0:0:0:0:1', '0:0:0:0:0:0:0:1', 'admin', 'http://localhost:8090/sys_schedule_timer/list', '2019-03-24 22:07:39');
INSERT INTO `sys_monitor_sql` VALUES ('654d9740-d2df-4156-9c2f-0311021bbbf8', ' select * from sys_monitor_sql   where 1=1  limit 45 , 5 ', 'null', '1', '0:0:0:0:0:0:0:1', '0:0:0:0:0:0:0:1', 'admin', 'http://localhost:8090/sys_monitor_sql/list', '2019-03-21 20:55:51');
INSERT INTO `sys_monitor_sql` VALUES ('65dc06da-ab2f-4046-ac0b-93efea865db3', 'select id from  sys_user where username = ? ', 'admin,', '327', '0:0:0:0:0:0:0:1', '0:0:0:0:0:0:0:1', '', 'http://localhost:8090/common/login', '2019-03-24 16:05:32');
INSERT INTO `sys_monitor_sql` VALUES ('662800de-98e1-4625-b99e-99af6e94c6fe', 'select sys_perms_role.* from sys_perms_role , sys_perms_user_role where sys_perms_role.id = sys_perms_user_role.role_id and sys_perms_user_role.user_id =\'01e1084a-1e70-4795-be8f-edc913a471e6\'', 'null', '2', '0:0:0:0:0:0:0:1', '0:0:0:0:0:0:0:1', '', 'http://localhost:8090/common/login', '2019-03-24 14:49:48');
INSERT INTO `sys_monitor_sql` VALUES ('668fdae9-ca59-4648-8429-c42dc30351fe', 'select id from  sys_user where username = ? ', 'admin,', '432', '0:0:0:0:0:0:0:1', '0:0:0:0:0:0:0:1', '', 'http://localhost:8090/common/login', '2019-03-21 21:13:56');
INSERT INTO `sys_monitor_sql` VALUES ('677cdfdf-09cc-486e-9a77-8c7363a73151', ' select * from sys_monitor_sql   where 1=1  limit 5 , 5', 'null', '2', '0:0:0:0:0:0:0:1', '0:0:0:0:0:0:0:1', 'admin', 'http://localhost:8090/sys_monitor_sql/list', '2019-03-21 21:06:51');
INSERT INTO `sys_monitor_sql` VALUES ('68328afa-5b7b-47f6-a594-386c2c1f1a30', 'select * from sys_perms_role  where 1=1  limit 0 , 5', 'null', '2', '0:0:0:0:0:0:0:1', '0:0:0:0:0:0:0:1', 'admin', 'http://localhost:8090/sys_perms_role/list', '2019-03-22 22:30:17');
INSERT INTO `sys_monitor_sql` VALUES ('69297e82-b1d9-4af5-85b2-a8ef649b385a', 'select * from sys_perms_role  where 1=1  limit 0 , 5', 'null', '1', '0:0:0:0:0:0:0:1', '0:0:0:0:0:0:0:1', 'admin', 'http://localhost:8090/sys_perms_role/list', '2019-03-24 14:30:51');
INSERT INTO `sys_monitor_sql` VALUES ('6bb1a19e-0d95-443d-9fd4-ac6910880029', ' select * from sys_schedule_timer_job   where 1=1  and trigger_group_name like ?  and job_group_name like ?  and job_name like ?  and trigger_name like ?   order by time desc  limit 0 , 5', '%undefined%,%undefined%,%undefined%,%undefined%,', '3', '0:0:0:0:0:0:0:1', '0:0:0:0:0:0:0:1', 'admin', 'http://localhost:8090/sys_schedule_timer/list', '2019-03-24 15:20:41');
INSERT INTO `sys_monitor_sql` VALUES ('6c07ad7b-43f2-401b-99f9-cbb16d7612b3', 'select * from sys_user  where 1=1  limit 0 , 5', 'null', '1', '0:0:0:0:0:0:0:1', '0:0:0:0:0:0:0:1', 'admin', 'http://localhost:8090/sys_user/list', '2019-03-24 22:11:25');
INSERT INTO `sys_monitor_sql` VALUES ('6d8c8a19-a230-4d9d-8387-08ea7be8951e', ' select * from sys_schedule_timer_job   where 1=1   order by time desc  limit 0 , 5', 'null', '3', '0:0:0:0:0:0:0:1', '0:0:0:0:0:0:0:1', 'admin', 'http://localhost:8090/sys_schedule_timer/list', '2019-03-24 22:43:51');
INSERT INTO `sys_monitor_sql` VALUES ('6f55ad31-2df6-4462-830b-cf091193861c', 'select * from sys_user  where 1=1  limit 0 , 5', 'null', '1', '0:0:0:0:0:0:0:1', '0:0:0:0:0:0:0:1', 'admin', 'http://localhost:8090/sys_user/list', '2019-03-24 22:21:47');
INSERT INTO `sys_monitor_sql` VALUES ('6fdb2eab-940d-4d15-8ae8-bc783fb74ca0', 'select * from sys_user  where 1=1  limit 0 , 5', 'null', '1', '0:0:0:0:0:0:0:1', '0:0:0:0:0:0:0:1', 'admin', 'http://localhost:8090/sys_user/list', '2019-03-24 21:52:25');
INSERT INTO `sys_monitor_sql` VALUES ('7024e2e8-ef06-4612-a827-682e69174d33', 'select sys_perms_role.* from sys_perms_role , sys_perms_user_role where sys_perms_role.id = sys_perms_user_role.role_id and sys_perms_user_role.user_id =\'01e1084a-1e70-4795-be8f-edc913a471e6\'', 'null', '1', '0:0:0:0:0:0:0:1', '0:0:0:0:0:0:0:1', '', 'http://localhost:8090/common/login', '2019-03-22 22:44:08');
INSERT INTO `sys_monitor_sql` VALUES ('7083097c-7cdb-4693-9f87-86ff54e75863', 'select * from sys_user  where 1=1  limit 0 , 5', 'null', '2', '0:0:0:0:0:0:0:1', '0:0:0:0:0:0:0:1', 'admin', 'http://localhost:8090/sys_user/list', '2019-03-22 22:14:29');
INSERT INTO `sys_monitor_sql` VALUES ('71119509-fb09-4daa-a802-4d36121d35ec', 'select * from sys_user  where 1=1  limit 0 , 5', 'null', '1', '0:0:0:0:0:0:0:1', '0:0:0:0:0:0:0:1', 'admin', 'http://localhost:8090/sys_user/list', '2019-03-24 16:05:33');
INSERT INTO `sys_monitor_sql` VALUES ('71852301-99d5-4627-87cb-8b8095acbcd2', 'select * from sys_user  where 1=1  limit 0 , 5', 'null', '1', '0:0:0:0:0:0:0:1', '0:0:0:0:0:0:0:1', 'admin', 'http://localhost:8090/sys_user/list', '2019-03-22 22:12:24');
INSERT INTO `sys_monitor_sql` VALUES ('720c9634-5e0d-4124-98e0-993de54e1545', ' select * from sys_schedule_timer_job   where 1=1   order by time desc  limit 0 , 5', 'null', '2', '0:0:0:0:0:0:0:1', '0:0:0:0:0:0:0:1', 'admin', 'http://localhost:8090/sys_schedule_timer/list', '2019-03-24 15:23:54');
INSERT INTO `sys_monitor_sql` VALUES ('728eca43-340e-4c17-bf0f-ed1837caf370', 'select sys_perms_role.* from sys_perms_role , sys_perms_user_role where sys_perms_role.id = sys_perms_user_role.role_id and sys_perms_user_role.user_id =\'01e1084a-1e70-4795-be8f-edc913a471e6\'', 'null', '1', '0:0:0:0:0:0:0:1', '0:0:0:0:0:0:0:1', '', 'http://localhost:8090/common/login', '2019-03-24 14:42:26');
INSERT INTO `sys_monitor_sql` VALUES ('73a8914a-53a3-4b2c-a421-d977ce07061b', ' select * from sys_schedule_timer_job   where 1=1   order by time desc  limit 0 , 5', 'null', '2', '0:0:0:0:0:0:0:1', '0:0:0:0:0:0:0:1', 'admin', 'http://localhost:8090/sys_schedule_timer/list', '2019-03-24 15:23:48');
INSERT INTO `sys_monitor_sql` VALUES ('7470eab8-4d8a-4878-abc2-3c36d37d142a', 'select * from sys_user  where 1=1  limit 0 , 5', 'null', '1', '0:0:0:0:0:0:0:1', '0:0:0:0:0:0:0:1', 'admin', 'http://localhost:8090/sys_user/list', '2019-03-24 22:22:24');
INSERT INTO `sys_monitor_sql` VALUES ('7613d27f-1e57-40a8-aa5e-236e0dbce9ae', ' select * from sys_monitor_sql   where 1=1   order by time desc  limit 0 , 5', 'null', '4', '0:0:0:0:0:0:0:1', '0:0:0:0:0:0:0:1', 'admin', 'http://localhost:8090/sys_monitor_sql/list', '2019-03-24 11:42:32');
INSERT INTO `sys_monitor_sql` VALUES ('76168f08-ad19-4887-8fe6-324385cec3cc', 'select * from sys_perms_role  where 1=1  limit 0 , 5', 'null', '1', '0:0:0:0:0:0:0:1', '0:0:0:0:0:0:0:1', 'admin', 'http://localhost:8090/sys_perms_role/list', '2019-03-22 22:30:17');
INSERT INTO `sys_monitor_sql` VALUES ('76fae343-3b71-48c3-9545-925189c6fdfb', 'select * from sys_user  where 1=1  limit 5 , 5', 'null', '2', '0:0:0:0:0:0:0:1', '0:0:0:0:0:0:0:1', 'admin', 'http://localhost:8090/sys_user/list', '2019-03-21 21:14:09');
INSERT INTO `sys_monitor_sql` VALUES ('77253971-0afc-4047-bf25-5d1334001aa1', 'select * from sys_perms_role  where 1=1  limit 0 , 5 ', 'null', '1', '0:0:0:0:0:0:0:1', '0:0:0:0:0:0:0:1', 'admin', 'http://localhost:8090/sys_perms_role/list', '2019-03-21 20:55:19');
INSERT INTO `sys_monitor_sql` VALUES ('774ad890-62f3-43e5-8748-67c0791e0cf6', 'select * from sys_user  where 1=1  limit 0 , 5', 'null', '1', '0:0:0:0:0:0:0:1', '0:0:0:0:0:0:0:1', 'admin', 'http://localhost:8090/sys_user/list', '2019-03-24 22:41:10');
INSERT INTO `sys_monitor_sql` VALUES ('782f7d7c-076f-47c3-be52-4938321f5ee7', ' select * from sys_schedule_timer_job   where 1=1   order by time desc  limit 0 , 5', 'null', '3', '0:0:0:0:0:0:0:1', '0:0:0:0:0:0:0:1', 'admin', 'http://localhost:8090/sys_schedule_timer/list', '2019-03-24 15:31:16');
INSERT INTO `sys_monitor_sql` VALUES ('78b5d1d9-85ba-4e61-a5d4-f27b64450ff3', ' select * from sys_schedule_timer_job   where 1=1   order by time desc  limit 0 , 5', 'null', '1', '0:0:0:0:0:0:0:1', '0:0:0:0:0:0:0:1', 'admin', 'http://localhost:8090/sys_schedule_timer/list', '2019-03-24 15:23:35');
INSERT INTO `sys_monitor_sql` VALUES ('78cf9332-c631-49f6-992e-cdbac08d0e73', 'select  url from sys_perms_role_urls   where  role_id  =   \'2bf4e3d3-3241-42d4-9cf9-40c932415508\'', 'null', '2', '0:0:0:0:0:0:0:1', '0:0:0:0:0:0:0:1', 'admin', 'http://localhost:8090/sys_perms_role_manager/list', '2019-03-22 22:33:33');
INSERT INTO `sys_monitor_sql` VALUES ('79132e3f-0d86-4433-ab0b-56a7e516e77f', 'select * from sys_user  where 1=1  limit 0 , 5', 'null', '2', '0:0:0:0:0:0:0:1', '0:0:0:0:0:0:0:1', 'admin', 'http://localhost:8090/sys_user/list', '2019-03-24 15:07:11');
INSERT INTO `sys_monitor_sql` VALUES ('7a707397-f953-4cd0-a3ec-c00950b749a9', 'select * from sys_user  where 1=1  limit 0 , 5', 'null', '0', '0:0:0:0:0:0:0:1', '0:0:0:0:0:0:0:1', 'admin', 'http://localhost:8090/sys_user/list', '2019-03-24 22:22:20');
INSERT INTO `sys_monitor_sql` VALUES ('7a739c6d-f282-4c4e-a73b-5cd0acfa228e', ' select * from sys_monitor_sql   where 1=1   order by time desc  limit 35 , 5', 'null', '2', '0:0:0:0:0:0:0:1', '0:0:0:0:0:0:0:1', 'admin', 'http://localhost:8090/sys_monitor_sql/list', '2019-03-24 11:57:52');
INSERT INTO `sys_monitor_sql` VALUES ('7ad69ea7-b3aa-4134-85d3-8fd7b6cefeb8', 'select sys_perms_role.* from sys_perms_role , sys_perms_user_role where sys_perms_role.id = sys_perms_user_role.role_id and sys_perms_user_role.user_id =\'01e1084a-1e70-4795-be8f-edc913a471e6\'', 'null', '1', '0:0:0:0:0:0:0:1', '0:0:0:0:0:0:0:1', '', 'http://localhost:8090/common/login', '2019-03-24 16:00:03');
INSERT INTO `sys_monitor_sql` VALUES ('7bff3aa8-8b92-4db3-9598-242cec187476', ' select * from sys_schedule_timer_job   where 1=1   order by time desc  limit 0 , 5', 'null', '1', '0:0:0:0:0:0:0:1', '0:0:0:0:0:0:0:1', 'admin', 'http://localhost:8090/sys_schedule_timer/list', '2019-03-24 22:53:50');
INSERT INTO `sys_monitor_sql` VALUES ('7c11e72f-aad6-4f7d-9e2f-935bae009ccf', 'select * from sys_user  where 1=1  limit 0 , 5', 'null', '1', '0:0:0:0:0:0:0:1', '0:0:0:0:0:0:0:1', 'admin', 'http://localhost:8090/sys_user/list', '2019-03-24 16:07:10');
INSERT INTO `sys_monitor_sql` VALUES ('7c4ad059-f363-415e-bfa3-b2f202c4962a', ' select * from sys_monitor_sql   where 1=1  limit 60 , 5', 'null', '2', '0:0:0:0:0:0:0:1', '0:0:0:0:0:0:0:1', 'admin', 'http://localhost:8090/sys_monitor_sql/list', '2019-03-21 21:07:02');
INSERT INTO `sys_monitor_sql` VALUES ('7d851d50-c603-416e-9d92-55ab5e13db67', 'select * from sys_user  where 1=1  limit 0 , 5', 'null', '8', '0:0:0:0:0:0:0:1', '0:0:0:0:0:0:0:1', 'admin', 'http://localhost:8090/sys_user/list', '2019-03-24 15:28:18');
INSERT INTO `sys_monitor_sql` VALUES ('7e8380f9-8747-4f79-ade2-814514f77936', 'select * from sys_user  where 1=1  limit 0 , 5', 'null', '1', '0:0:0:0:0:0:0:1', '0:0:0:0:0:0:0:1', 'admin', 'http://localhost:8090/sys_user/list', '2019-03-24 15:21:24');
INSERT INTO `sys_monitor_sql` VALUES ('7ea12aad-e1e8-4c1b-bd33-5e560d85691b', ' select * from sys_schedule_timer_job   where 1=1   order by time desc  limit 0 , 5', 'null', '1', '0:0:0:0:0:0:0:1', '0:0:0:0:0:0:0:1', 'admin', 'http://localhost:8090/sys_schedule_timer/list', '2019-03-24 23:12:45');
INSERT INTO `sys_monitor_sql` VALUES ('7f8180c0-941e-4477-90ed-5127e816ed27', 'select sys_perms_role_urls.url from sys_perms_user_role,sys_perms_role , sys_perms_role_urls where sys_perms_role.id = sys_perms_role_urls.role_id and sys_perms_user_role.role_id = sys_perms_role.id and sys_perms_user_role.user_id =\'01e1084a-1e70-4795-be8f-edc913a471e6\'', 'null', '9', '0:0:0:0:0:0:0:1', '0:0:0:0:0:0:0:1', '', 'http://localhost:8090/common/login', '2019-03-24 11:41:12');
INSERT INTO `sys_monitor_sql` VALUES ('814fceb3-5557-47a5-819e-15aa92dc2b44', ' select * from sys_schedule_timer_job   where 1=1   order by time desc  limit 0 , 5', 'null', '1', '0:0:0:0:0:0:0:1', '0:0:0:0:0:0:0:1', 'admin', 'http://localhost:8090/sys_schedule_timer/list', '2019-03-24 22:20:36');
INSERT INTO `sys_monitor_sql` VALUES ('84a47031-fc59-4acf-8a98-8834fb5c635a', 'select * from sys_user  where 1=1  limit 0 , 5 ', 'null', '2', '0:0:0:0:0:0:0:1', '0:0:0:0:0:0:0:1', 'admin', 'http://localhost:8090/sys_user/list', '2019-03-21 20:55:13');
INSERT INTO `sys_monitor_sql` VALUES ('84d8b9ad-bbe5-4dae-8e23-17a1bea43e17', 'select * from sys_perms_role  where 1=1  limit 0 , 5', 'null', '3', '0:0:0:0:0:0:0:1', '0:0:0:0:0:0:0:1', 'admin', 'http://localhost:8090/sys_perms_role/list', '2019-03-24 14:25:34');
INSERT INTO `sys_monitor_sql` VALUES ('84e83a58-e3db-4ac0-81f2-cb38b57ee99c', 'select * from sys_perms_role  where 1=1  limit 0 , 5', 'null', '0', '0:0:0:0:0:0:0:1', '0:0:0:0:0:0:0:1', 'admin', 'http://localhost:8090/sys_perms_role/list', '2019-03-22 22:35:11');
INSERT INTO `sys_monitor_sql` VALUES ('86d663cf-37ad-47ca-951a-3940fefa50a1', 'select sys_perms_role.* from sys_perms_role , sys_perms_user_role where sys_perms_role.id = sys_perms_user_role.role_id and sys_perms_user_role.user_id =\'01e1084a-1e70-4795-be8f-edc913a471e6\'', 'null', '1', '0:0:0:0:0:0:0:1', '0:0:0:0:0:0:0:1', '', 'http://localhost:8090/common/login', '2019-03-24 16:05:32');
INSERT INTO `sys_monitor_sql` VALUES ('86fa242c-0a0f-45f1-a277-c88a6cd05560', 'select * from sys_perms_role  where 1=1  limit 0 , 5', 'null', '1', '0:0:0:0:0:0:0:1', '0:0:0:0:0:0:0:1', 'admin', 'http://localhost:8090/sys_perms_role/list', '2019-03-24 12:27:30');
INSERT INTO `sys_monitor_sql` VALUES ('87d1b1be-5a0a-47e8-aefa-675d0e42f7e6', 'select * from sys_perms_role  where 1=1  limit 0 , 5', 'null', '2', '0:0:0:0:0:0:0:1', '0:0:0:0:0:0:0:1', 'admin', 'http://localhost:8090/sys_perms_role/list', '2019-03-24 12:17:36');
INSERT INTO `sys_monitor_sql` VALUES ('89592407-cd2d-4c0a-8230-f16c1a038931', 'select * from sys_user  where 1=1  limit 0 , 5', 'null', '1', '0:0:0:0:0:0:0:1', '0:0:0:0:0:0:0:1', 'admin', 'http://localhost:8090/sys_user/list', '2019-03-22 22:12:27');
INSERT INTO `sys_monitor_sql` VALUES ('8a6d0d6a-9005-4f1f-b547-aeed12cadc45', ' select * from sys_schedule_timer_job   where 1=1   order by time desc  limit 0 , 5', 'null', '1', '0:0:0:0:0:0:0:1', '0:0:0:0:0:0:0:1', 'admin', 'http://localhost:8090/sys_schedule_timer/list', '2019-03-24 15:23:03');
INSERT INTO `sys_monitor_sql` VALUES ('8a8165b9-f7ed-4631-8ba1-63a9d44a2637', 'select * from sys_perms_role  where 1=1  limit 0 , 5', 'null', '1', '0:0:0:0:0:0:0:1', '0:0:0:0:0:0:0:1', 'admin', 'http://localhost:8090/sys_perms_role/list', '2019-03-24 14:34:25');
INSERT INTO `sys_monitor_sql` VALUES ('8acf2509-3ed8-480c-a20c-c063e2a847b8', 'select sys_perms_role.* from sys_perms_role , sys_perms_user_role where sys_perms_role.id = sys_perms_user_role.role_id and sys_perms_user_role.user_id =\'01e1084a-1e70-4795-be8f-edc913a471e6\'', 'null', '1', '0:0:0:0:0:0:0:1', '0:0:0:0:0:0:0:1', '', 'http://localhost:8090/common/login', '2019-03-24 22:51:22');
INSERT INTO `sys_monitor_sql` VALUES ('8ad9552f-ac99-4e9a-bc65-dec2ce44e770', ' select * from sys_schedule_timer_job   where 1=1   order by time desc  limit 0 , 5', 'null', '1', '0:0:0:0:0:0:0:1', '0:0:0:0:0:0:0:1', 'admin', 'http://localhost:8090/sys_schedule_timer/list', '2019-03-24 23:12:04');
INSERT INTO `sys_monitor_sql` VALUES ('8c261cd4-a864-46c4-b502-ac9444aea2d4', 'select * from sys_user  where 1=1  limit 0 , 5', 'null', '1', '0:0:0:0:0:0:0:1', '0:0:0:0:0:0:0:1', 'admin', 'http://localhost:8090/sys_user/list', '2019-03-24 21:44:25');
INSERT INTO `sys_monitor_sql` VALUES ('8cbcda0c-873b-4229-9444-2c54285e83b3', ' select * from sys_monitor_sql   where 1=1   order by time desc  limit 45 , 5', 'null', '2', '0:0:0:0:0:0:0:1', '0:0:0:0:0:0:0:1', 'admin', 'http://localhost:8090/sys_monitor_sql/list', '2019-03-21 21:19:30');
INSERT INTO `sys_monitor_sql` VALUES ('8dc8395c-12fb-4536-8af9-4c9d98f2d4c3', 'select * from sys_perms_role  where 1=1  limit 0 , 5', 'null', '1', '0:0:0:0:0:0:0:1', '0:0:0:0:0:0:0:1', 'admin', 'http://localhost:8090/sys_perms_role/list', '2019-03-22 22:35:56');
INSERT INTO `sys_monitor_sql` VALUES ('8f2c84e9-fee2-4bb8-a893-eeb03bd041b2', 'select * from sys_perms_role ', 'null', '1', '0:0:0:0:0:0:0:1', '0:0:0:0:0:0:0:1', 'admin', 'http://localhost:8090/sys_perms_user_role_manager/list', '2019-03-22 22:45:13');
INSERT INTO `sys_monitor_sql` VALUES ('90521604-3a3b-45d1-9576-e4706a4a56eb', ' select * from sys_monitor_sql   where 1=1   order by time desc  limit 0 , 5', 'null', '2', '0:0:0:0:0:0:0:1', '0:0:0:0:0:0:0:1', 'admin', 'http://localhost:8090/sys_monitor_sql/list', '2019-03-24 11:42:45');
INSERT INTO `sys_monitor_sql` VALUES ('9053b5d7-eb84-467a-a39d-99c268a235e0', ' select * from sys_schedule_timer_job   where 1=1   order by time desc  limit 0 , 5', 'null', '1', '0:0:0:0:0:0:0:1', '0:0:0:0:0:0:0:1', 'admin', 'http://localhost:8090/sys_schedule_timer/list', '2019-03-24 22:00:08');
INSERT INTO `sys_monitor_sql` VALUES ('91f377b3-5ddf-48e2-bb93-64ef7b278e77', ' select * from sys_monitor_sql   where 1=1  limit 5 , 5 ', 'null', '1', '0:0:0:0:0:0:0:1', '0:0:0:0:0:0:0:1', 'admin', 'http://localhost:8090/sys_monitor_sql/list', '2019-03-21 20:55:26');
INSERT INTO `sys_monitor_sql` VALUES ('91fc3daf-3eb7-420e-906b-098a62e044cb', 'select id from  sys_user where username = ? ', 'admin,', '560', '0:0:0:0:0:0:0:1', '0:0:0:0:0:0:0:1', '', 'http://localhost:8090/common/login', '2019-03-22 22:11:15');
INSERT INTO `sys_monitor_sql` VALUES ('92322997-80b1-4a10-a34c-a33499d089c7', 'select * from sys_user  where 1=1  limit 0 , 5', 'null', '2', '0:0:0:0:0:0:0:1', '0:0:0:0:0:0:0:1', 'admin', 'http://localhost:8090/sys_user/list', '2019-03-22 22:28:52');
INSERT INTO `sys_monitor_sql` VALUES ('9239a0fc-3115-4494-b6e9-70df80ad4576', ' select * from sys_schedule_timer_job   where 1=1  and trigger_group_name like ?  and job_group_name like ?  and job_name like ?  and trigger_name like ?   order by time desc  limit 0 , 5', '%undefined%,%undefined%,%undefined%,%undefined%,', '1', '0:0:0:0:0:0:0:1', '0:0:0:0:0:0:0:1', 'admin', 'http://localhost:8090/sys_schedule_timer/list', '2019-03-24 15:20:41');
INSERT INTO `sys_monitor_sql` VALUES ('93aa5659-7f78-42e0-8082-00f0874c9cf0', 'select sys_perms_role.* from sys_perms_role , sys_perms_user_role where sys_perms_role.id = sys_perms_user_role.role_id and sys_perms_user_role.user_id =\'01e1084a-1e70-4795-be8f-edc913a471e6\'', 'null', '1', '0:0:0:0:0:0:0:1', '0:0:0:0:0:0:0:1', '', 'http://localhost:8090/common/login', '2019-03-21 20:51:13');
INSERT INTO `sys_monitor_sql` VALUES ('948f43b0-6aa2-4fe9-855b-8fe02ab40bf1', 'select sys_perms_role.* from sys_perms_role , sys_perms_user_role where sys_perms_role.id = sys_perms_user_role.role_id and sys_perms_user_role.user_id =\'01e1084a-1e70-4795-be8f-edc913a471e6\'', 'null', '1', '0:0:0:0:0:0:0:1', '0:0:0:0:0:0:0:1', '', 'http://localhost:8090/common/login', '2019-03-24 21:52:24');
INSERT INTO `sys_monitor_sql` VALUES ('95d70a81-8b02-4afd-9286-ae0f17fe5301', 'select sys_perms_role.* from sys_perms_role , sys_perms_user_role where sys_perms_role.id = sys_perms_user_role.role_id and sys_perms_user_role.user_id =\'01e1084a-1e70-4795-be8f-edc913a471e6\'', 'null', '1', '0:0:0:0:0:0:0:1', '0:0:0:0:0:0:0:1', '', 'http://localhost:8090/common/login', '2019-03-24 21:56:31');
INSERT INTO `sys_monitor_sql` VALUES ('970c983a-129b-4e5c-96b2-5b6505d51b0f', 'select * from sys_perms_group where 1=1  limit 0 , 5', 'null', '2', '0:0:0:0:0:0:0:1', '0:0:0:0:0:0:0:1', 'admin', 'http://localhost:8090/sys_perms_group/list', '2019-03-21 20:25:12');
INSERT INTO `sys_monitor_sql` VALUES ('97d7e651-2532-4a71-994b-7b2c71169402', 'select id from  sys_user where username = ? ', 'admin,', '540', '0:0:0:0:0:0:0:1', '0:0:0:0:0:0:0:1', '', 'http://localhost:8090/common/login', '2019-03-21 20:43:46');
INSERT INTO `sys_monitor_sql` VALUES ('98134726-ecc2-4506-b5e2-f6625a0f56d0', ' select * from sys_schedule_timer_job   where 1=1   order by time desc  limit 0 , 5', 'null', '1', '0:0:0:0:0:0:0:1', '0:0:0:0:0:0:0:1', 'admin', 'http://localhost:8090/sys_schedule_timer/list', '2019-03-24 22:53:42');
INSERT INTO `sys_monitor_sql` VALUES ('98b55f06-ed18-4c23-b0c9-285820fb3c7f', 'select sys_perms_role_urls.url from sys_perms_user_role,sys_perms_role , sys_perms_role_urls where sys_perms_role.id = sys_perms_role_urls.role_id and sys_perms_user_role.role_id = sys_perms_role.id and sys_perms_user_role.user_id =\'01e1084a-1e70-4795-be8f-edc913a471e6\'', 'null', '2', '0:0:0:0:0:0:0:1', '0:0:0:0:0:0:0:1', '', 'http://localhost:8090/common/login', '2019-03-24 15:03:36');
INSERT INTO `sys_monitor_sql` VALUES ('99a6032a-a7eb-4473-a838-fbc73e8e43bd', 'select * from sys_perms_role  where 1=1  limit 0 , 5', 'null', '2', '0:0:0:0:0:0:0:1', '0:0:0:0:0:0:0:1', 'admin', 'http://localhost:8090/sys_perms_role/list', '2019-03-24 14:27:41');
INSERT INTO `sys_monitor_sql` VALUES ('9aafa333-8a2e-435d-a60d-0cf75823515b', 'select sys_perms_role_urls.url from sys_perms_user_role,sys_perms_role , sys_perms_role_urls where sys_perms_role.id = sys_perms_role_urls.role_id and sys_perms_user_role.role_id = sys_perms_role.id and sys_perms_user_role.user_id =\'01e1084a-1e70-4795-be8f-edc913a471e6\'', 'null', '15', '0:0:0:0:0:0:0:1', '0:0:0:0:0:0:0:1', '', 'http://localhost:8090/common/login', '2019-03-23 13:46:17');
INSERT INTO `sys_monitor_sql` VALUES ('9c5b85a0-13af-4eb5-b1cd-53b0af0d5afc', 'select * from sys_perms_role  where 1=1  limit 0 , 5', 'null', '1', '0:0:0:0:0:0:0:1', '0:0:0:0:0:0:0:1', 'admin', 'http://localhost:8090/sys_perms_role/list', '2019-03-24 12:30:21');
INSERT INTO `sys_monitor_sql` VALUES ('9ce747ba-0404-49e1-ba7a-8537a1570ec6', ' select * from sys_schedule_timer_job   where 1=1   order by time desc  limit 0 , 5', 'null', '1', '0:0:0:0:0:0:0:1', '0:0:0:0:0:0:0:1', 'admin', 'http://localhost:8090/sys_schedule_timer/list', '2019-03-24 22:23:24');
INSERT INTO `sys_monitor_sql` VALUES ('9d356f48-b5ec-4ae6-a549-00bc1212b058', ' select * from sys_monitor_sql   where 1=1   order by time desc  limit 40 , 5', 'null', '1', '0:0:0:0:0:0:0:1', '0:0:0:0:0:0:0:1', 'admin', 'http://localhost:8090/sys_monitor_sql/list', '2019-03-21 21:19:26');
INSERT INTO `sys_monitor_sql` VALUES ('9e3510d5-5038-4106-8418-a4a791cc8a7b', 'select sys_perms_role_urls.url from sys_perms_user_role,sys_perms_role , sys_perms_role_urls where sys_perms_role.id = sys_perms_role_urls.role_id and sys_perms_user_role.role_id = sys_perms_role.id and sys_perms_user_role.user_id =\'01e1084a-1e70-4795-be8f-edc913a471e6\'', 'null', '6', '0:0:0:0:0:0:0:1', '0:0:0:0:0:0:0:1', '', 'http://localhost:8090/common/login', '2019-03-21 20:43:46');
INSERT INTO `sys_monitor_sql` VALUES ('9e79e616-adfd-41e0-a9f8-b983ef07b3b0', 'select * from sys_user  where 1=1  limit 0 , 5', 'null', '1', '0:0:0:0:0:0:0:1', '0:0:0:0:0:0:0:1', 'admin', 'http://localhost:8090/sys_user/list', '2019-03-21 20:51:40');
INSERT INTO `sys_monitor_sql` VALUES ('9ecc54a7-e44c-4c57-ac76-24861ecc1ba3', ' select * from sys_monitor_sql   where 1=1   order by time desc  limit 50 , 5', 'null', '2', '0:0:0:0:0:0:0:1', '0:0:0:0:0:0:0:1', 'admin', 'http://localhost:8090/sys_monitor_sql/list', '2019-03-21 21:19:51');
INSERT INTO `sys_monitor_sql` VALUES ('9ff1d343-8511-413a-bb0b-ab160cc9dfa4', 'select * from sys_user  where 1=1  limit 5 , 5', 'null', '2', '0:0:0:0:0:0:0:1', '0:0:0:0:0:0:0:1', 'admin', 'http://localhost:8090/sys_user/list', '2019-03-21 21:11:16');
INSERT INTO `sys_monitor_sql` VALUES ('a062fb91-9826-444a-8056-c17142920c7e', ' select * from sys_monitor_sql   where 1=1  limit 10 , 5 ', 'null', '2', '0:0:0:0:0:0:0:1', '0:0:0:0:0:0:0:1', 'admin', 'http://localhost:8090/sys_monitor_sql/list', '2019-03-21 20:46:40');
INSERT INTO `sys_monitor_sql` VALUES ('a08282c8-ca57-48dc-9a5d-7d9822ecc7d9', 'select * from sys_perms_role  where 1=1  limit 0 , 5', 'null', '1', '0:0:0:0:0:0:0:1', '0:0:0:0:0:0:0:1', 'admin', 'http://localhost:8090/sys_perms_role/list', '2019-03-24 14:33:05');
INSERT INTO `sys_monitor_sql` VALUES ('a1b500c0-4456-4802-a1fb-fe9ea2f8ea46', ' select * from sys_monitor_sql   where 1=1  and esql like ?  limit 10 , 5', '%s%,', '1', '0:0:0:0:0:0:0:1', '0:0:0:0:0:0:0:1', 'admin', 'http://localhost:8090/sys_monitor_sql/list', '2019-03-21 20:28:34');
INSERT INTO `sys_monitor_sql` VALUES ('a1c10f99-af28-43ce-808b-343552d7c2cb', ' select * from sys_schedule_timer_job   where 1=1   order by time desc  limit 0 , 5', 'null', '1', '0:0:0:0:0:0:0:1', '0:0:0:0:0:0:0:1', 'admin', 'http://localhost:8090/sys_schedule_timer/list', '2019-03-24 15:18:15');
INSERT INTO `sys_monitor_sql` VALUES ('a290ad00-2631-4846-91f8-35196def777d', ' select * from sys_monitor_sql   where 1=1   order by time desc  limit 20 , 5', 'null', '1', '0:0:0:0:0:0:0:1', '0:0:0:0:0:0:0:1', 'admin', 'http://localhost:8090/sys_monitor_sql/list', '2019-03-21 21:19:21');
INSERT INTO `sys_monitor_sql` VALUES ('a3fcd07d-e141-47fa-b0c2-c290406b73ef', ' select * from sys_schedule_timer_job   where 1=1   order by time desc  limit 0 , 5', 'null', '1', '0:0:0:0:0:0:0:1', '0:0:0:0:0:0:0:1', 'admin', 'http://localhost:8090/sys_schedule_timer/list', '2019-03-24 21:44:28');
INSERT INTO `sys_monitor_sql` VALUES ('a4053326-22a6-48be-98b2-3136456e6044', 'select * from sys_perms_role  where 1=1  limit 10 , 5 ', 'null', '1', '0:0:0:0:0:0:0:1', '0:0:0:0:0:0:0:1', 'admin', 'http://localhost:8090/sys_perms_role/list', '2019-03-21 20:44:06');
INSERT INTO `sys_monitor_sql` VALUES ('a438b5e7-11ed-4741-a843-cae4f32dc066', ' select * from sys_monitor_sql   where 1=1  limit 10 , 5 ', 'null', '2', '0:0:0:0:0:0:0:1', '0:0:0:0:0:0:0:1', 'admin', 'http://localhost:8090/sys_monitor_sql/list', '2019-03-21 20:55:27');
INSERT INTO `sys_monitor_sql` VALUES ('a47ff0e2-3106-4155-a709-4f98ac390446', 'select id from  sys_user where username = ? ', 'admin,', '681', '0:0:0:0:0:0:0:1', '0:0:0:0:0:0:0:1', '', 'http://localhost:8090/common/login', '2019-03-24 11:53:05');
INSERT INTO `sys_monitor_sql` VALUES ('a4886422-aae8-4fab-a500-775ce9f14345', ' select * from sys_schedule_timer_job   where 1=1   order by time desc  limit 0 , 5', 'null', '1', '0:0:0:0:0:0:0:1', '0:0:0:0:0:0:0:1', 'admin', 'http://localhost:8090/sys_schedule_timer/list', '2019-03-24 15:05:50');
INSERT INTO `sys_monitor_sql` VALUES ('a4a19d01-4210-47a7-b425-58cf2bf639f2', ' select * from sys_schedule_timer_job   where 1=1   order by time desc  limit 0 , 5', 'null', '1', '0:0:0:0:0:0:0:1', '0:0:0:0:0:0:0:1', 'admin', 'http://localhost:8090/sys_schedule_timer/list', '2019-03-24 21:49:33');
INSERT INTO `sys_monitor_sql` VALUES ('a4c9a1cb-7cfa-4a22-b9db-fbc145495324', ' select * from sys_monitor_sql   where 1=1  limit 0 , 5', 'null', '2', '0:0:0:0:0:0:0:1', '0:0:0:0:0:0:0:1', 'admin', 'http://localhost:8090/sys_monitor_sql/list', '2019-03-21 20:52:00');
INSERT INTO `sys_monitor_sql` VALUES ('a60c8714-7e67-48b0-a18a-54f27a8c9231', 'select * from sys_user  where 1=1  limit 0 , 5', 'null', '1', '0:0:0:0:0:0:0:1', '0:0:0:0:0:0:0:1', 'admin', 'http://localhost:8090/sys_user/list', '2019-03-22 22:12:23');
INSERT INTO `sys_monitor_sql` VALUES ('a67a3a5a-57dd-4337-8aea-718098080260', 'select * from sys_perms_role  where 1=1  limit 0 , 5', 'null', '2', '0:0:0:0:0:0:0:1', '0:0:0:0:0:0:0:1', 'admin', 'http://localhost:8090/sys_perms_role/list', '2019-03-22 22:29:59');
INSERT INTO `sys_monitor_sql` VALUES ('a7504ac1-2da3-42f6-a150-18ee94d82ae6', 'select * from sys_user  where 1=1  limit 10 , 5 ', 'null', '1', '0:0:0:0:0:0:0:1', '0:0:0:0:0:0:0:1', 'admin', 'http://localhost:8090/sys_user/list', '2019-03-21 20:43:46');
INSERT INTO `sys_monitor_sql` VALUES ('a7cd0f26-3448-4dca-9140-be1606aadb76', 'select * from sys_user  where 1=1   limit 0 , 5', 'null', '1', '0:0:0:0:0:0:0:1', '0:0:0:0:0:0:0:1', 'admin', 'http://localhost:8090/sys_user/list', '2019-03-21 21:06:37');
INSERT INTO `sys_monitor_sql` VALUES ('a7e78746-c612-4e6e-9ddc-21753e97f8cd', 'select sys_perms_role_urls.url from sys_perms_user_role,sys_perms_role , sys_perms_role_urls where sys_perms_role.id = sys_perms_role_urls.role_id and sys_perms_user_role.role_id = sys_perms_role.id and sys_perms_user_role.user_id =\'01e1084a-1e70-4795-be8f-edc913a471e6\'', 'null', '7', '0:0:0:0:0:0:0:1', '0:0:0:0:0:0:0:1', '', 'http://localhost:8090/common/login', '2019-03-24 22:15:46');
INSERT INTO `sys_monitor_sql` VALUES ('a9b19b9f-d97e-461e-a2a2-f069749f9691', ' select * from sys_schedule_timer_job   where 1=1   order by time desc  limit 0 , 5', 'null', '2', '0:0:0:0:0:0:0:1', '0:0:0:0:0:0:0:1', 'admin', 'http://localhost:8090/sys_schedule_timer/list', '2019-03-24 22:52:14');
INSERT INTO `sys_monitor_sql` VALUES ('aaa4bdc4-ca8b-4790-a0f8-42187a489962', 'select id from  sys_user where username = ? ', 'admin,', '545', '0:0:0:0:0:0:0:1', '0:0:0:0:0:0:0:1', '', 'http://localhost:8090/common/login', '2019-03-24 22:57:43');
INSERT INTO `sys_monitor_sql` VALUES ('ab676720-2d14-4835-986d-6cb970ef22f5', ' select * from sys_schedule_timer_job   where 1=1   order by time desc  limit 0 , 5', 'null', '1', '0:0:0:0:0:0:0:1', '0:0:0:0:0:0:0:1', 'admin', 'http://localhost:8090/sys_schedule_timer/list', '2019-03-24 22:20:32');
INSERT INTO `sys_monitor_sql` VALUES ('abddea80-8fa7-47b7-84c7-0b375d1feba5', ' select * from sys_monitor_sql   where 1=1   order by time desc  limit 10 , 5', 'null', '1', '0:0:0:0:0:0:0:1', '0:0:0:0:0:0:0:1', 'admin', 'http://localhost:8090/sys_monitor_sql/list', '2019-03-21 21:19:16');
INSERT INTO `sys_monitor_sql` VALUES ('ac71fbf1-2e07-4766-8ed1-f4d5e5dd8dff', ' select * from sys_monitor_sql   where 1=1  limit 0 , 5', 'null', '1', '0:0:0:0:0:0:0:1', '0:0:0:0:0:0:0:1', 'admin', 'http://localhost:8090/sys_monitor_sql/list', '2019-03-21 20:27:40');
INSERT INTO `sys_monitor_sql` VALUES ('ad1a45b6-e4ec-447b-932d-94790efd2c4b', ' select * from sys_schedule_timer_job   where 1=1   order by time desc  limit 0 , 5', 'null', '2', '0:0:0:0:0:0:0:1', '0:0:0:0:0:0:0:1', 'admin', 'http://localhost:8090/sys_schedule_timer/list', '2019-03-24 15:23:32');
INSERT INTO `sys_monitor_sql` VALUES ('ad1c8a98-f306-4a3d-b4bf-896c1d7fcb1a', 'select * from sys_perms_role  where 1=1  limit 10 , 5 ', 'null', '2', '0:0:0:0:0:0:0:1', '0:0:0:0:0:0:0:1', 'admin', 'http://localhost:8090/sys_perms_role/list', '2019-03-21 20:45:23');
INSERT INTO `sys_monitor_sql` VALUES ('ad449b2a-cfe6-40cd-baba-11b979347fac', ' select * from sys_schedule_timer_job   where 1=1   order by time desc  limit 0 , 5', 'null', '1', '0:0:0:0:0:0:0:1', '0:0:0:0:0:0:0:1', 'admin', 'http://localhost:8090/sys_schedule_timer/list', '2019-03-24 15:18:03');
INSERT INTO `sys_monitor_sql` VALUES ('ad703a66-d475-4c8e-8958-ba4bb7d60408', 'select * from sys_perms_role  where 1=1  limit 0 , 5', 'null', '1', '0:0:0:0:0:0:0:1', '0:0:0:0:0:0:0:1', 'admin', 'http://localhost:8090/sys_perms_role/list', '2019-03-22 22:19:28');
INSERT INTO `sys_monitor_sql` VALUES ('ad7c66bf-a344-44d8-8b51-fb75e96ca757', 'select sys_perms_role_urls.url from sys_perms_user_role,sys_perms_role , sys_perms_role_urls where sys_perms_role.id = sys_perms_role_urls.role_id and sys_perms_user_role.role_id = sys_perms_role.id and sys_perms_user_role.user_id =\'01e1084a-1e70-4795-be8f-edc913a471e6\'', 'null', '3', '0:0:0:0:0:0:0:1', '0:0:0:0:0:0:0:1', '', 'http://localhost:8090/common/login', '2019-03-21 20:55:13');
INSERT INTO `sys_monitor_sql` VALUES ('ae09ad5b-8247-496b-9bf3-ef58f91b1046', 'select id from  sys_user where username = ? ', 'admin,', '354', '0:0:0:0:0:0:0:1', '0:0:0:0:0:0:0:1', '', 'http://localhost:8090/common/login', '2019-03-21 21:06:37');
INSERT INTO `sys_monitor_sql` VALUES ('af26228f-beb9-4fc7-8fe8-ef0cc3e16f04', 'select sys_perms_role_urls.url from sys_perms_user_role,sys_perms_role , sys_perms_role_urls where sys_perms_role.id = sys_perms_role_urls.role_id and sys_perms_user_role.role_id = sys_perms_role.id and sys_perms_user_role.user_id =\'01e1084a-1e70-4795-be8f-edc913a471e6\'', 'null', '7', '0:0:0:0:0:0:0:1', '0:0:0:0:0:0:0:1', '', 'http://localhost:8090/common/login', '2019-03-24 21:56:31');
INSERT INTO `sys_monitor_sql` VALUES ('af7f43b7-9f27-43d8-8c1b-857b90e06048', 'select * from sys_perms_role  where 1=1  limit 0 , 5', 'null', '1', '0:0:0:0:0:0:0:1', '0:0:0:0:0:0:0:1', 'admin', 'http://localhost:8090/sys_perms_role/list', '2019-03-22 22:19:53');
INSERT INTO `sys_monitor_sql` VALUES ('afec1049-079b-44e5-9a2f-ee8d625a7b54', ' select * from sys_schedule_timer_job   where 1=1   order by time desc  limit 0 , 5', 'null', '1', '0:0:0:0:0:0:0:1', '0:0:0:0:0:0:0:1', 'admin', 'http://localhost:8090/sys_schedule_timer/list', '2019-03-24 21:47:35');
INSERT INTO `sys_monitor_sql` VALUES ('b009510a-089f-485f-ad91-f67806f2bc4b', ' select * from sys_monitor_sql   where 1=1  limit 0 , 5', 'null', '1', '0:0:0:0:0:0:0:1', '0:0:0:0:0:0:0:1', 'admin', 'http://localhost:8090/sys_monitor_sql/list', '2019-03-21 20:28:00');
INSERT INTO `sys_monitor_sql` VALUES ('b0267f39-ac58-4dc6-856c-d81fa99ecb15', ' select * from sys_schedule_timer_job   where 1=1   order by time desc  limit 0 , 5', 'null', '2', '0:0:0:0:0:0:0:1', '0:0:0:0:0:0:0:1', 'admin', 'http://localhost:8090/sys_schedule_timer/list', '2019-03-24 23:08:07');
INSERT INTO `sys_monitor_sql` VALUES ('b1cb70d3-b170-4af7-9cfe-afd15ef0c4d6', ' select * from sys_schedule_timer_job   where 1=1   order by time desc  limit 0 , 5', 'null', '1', '0:0:0:0:0:0:0:1', '0:0:0:0:0:0:0:1', 'admin', 'http://localhost:8090/sys_schedule_timer/list', '2019-03-24 22:19:20');
INSERT INTO `sys_monitor_sql` VALUES ('b2f906d8-6c43-4113-afae-e12f4028eed2', ' select * from sys_schedule_timer_job   where 1=1   order by time desc  limit 0 , 5', 'null', '1', '0:0:0:0:0:0:0:1', '0:0:0:0:0:0:0:1', 'admin', 'http://localhost:8090/sys_schedule_timer/list', '2019-03-24 15:03:43');
INSERT INTO `sys_monitor_sql` VALUES ('b367f70e-0221-4888-93d9-5a603a167c9c', 'select sys_perms_role.* from sys_perms_role , sys_perms_user_role where sys_perms_role.id = sys_perms_user_role.role_id and sys_perms_user_role.user_id =\'01e1084a-1e70-4795-be8f-edc913a471e6\'', 'null', '1', '0:0:0:0:0:0:0:1', '0:0:0:0:0:0:0:1', '', 'http://localhost:8090/common/login', '2019-03-24 15:14:14');
INSERT INTO `sys_monitor_sql` VALUES ('b449c192-a4c5-49a1-af8f-18875b576c45', ' select * from sys_schedule_timer_job   where 1=1   order by time desc  limit 0 , 5', 'null', '5', '0:0:0:0:0:0:0:1', '0:0:0:0:0:0:0:1', 'admin', 'http://localhost:8090/sys_schedule_timer/list', '2019-03-24 22:57:46');
INSERT INTO `sys_monitor_sql` VALUES ('b4530e2d-769d-4777-8c39-c70e72f2fe66', ' select * from sys_schedule_timer_job   where 1=1   order by time desc  limit 0 , 5', 'null', '4', '0:0:0:0:0:0:0:1', '0:0:0:0:0:0:0:1', 'admin', 'http://localhost:8090/sys_schedule_timer/list', '2019-03-24 23:11:59');
INSERT INTO `sys_monitor_sql` VALUES ('b5c88d3b-f882-4cb9-9df6-155538d03ba2', ' select * from sys_monitor_sql   where 1=1  limit 20 , 5', 'null', '1', '0:0:0:0:0:0:0:1', '0:0:0:0:0:0:0:1', 'admin', 'http://localhost:8090/sys_monitor_sql/list', '2019-03-21 21:06:55');
INSERT INTO `sys_monitor_sql` VALUES ('b6f567bd-030b-4de0-819b-2efd636a009d', 'select * from sys_user  where 1=1  limit 0 , 5', 'null', '1', '0:0:0:0:0:0:0:1', '0:0:0:0:0:0:0:1', 'admin', 'http://localhost:8090/sys_user/list', '2019-03-22 22:11:16');
INSERT INTO `sys_monitor_sql` VALUES ('b887e4e2-0a73-44b3-b3ba-9ee51eda569a', 'select sys_perms_role.* from sys_perms_role , sys_perms_user_role where sys_perms_role.id = sys_perms_user_role.role_id and sys_perms_user_role.user_id =\'01e1084a-1e70-4795-be8f-edc913a471e6\'', 'null', '1', '0:0:0:0:0:0:0:1', '0:0:0:0:0:0:0:1', '', 'http://localhost:8090/common/login', '2019-03-23 13:46:17');
INSERT INTO `sys_monitor_sql` VALUES ('b89c51ce-c0a2-42b4-bf4d-0810fa57e58c', 'select * from sys_user  where 1=1  limit 0 , 5', 'null', '1', '0:0:0:0:0:0:0:1', '0:0:0:0:0:0:0:1', 'admin', 'http://localhost:8090/sys_user/list', '2019-03-24 14:42:27');
INSERT INTO `sys_monitor_sql` VALUES ('b9321a74-0352-4d9f-9e3b-64cedf9d6906', 'select * from sys_user  where 1=1  limit 5 , 5', 'null', '2', '0:0:0:0:0:0:0:1', '0:0:0:0:0:0:0:1', 'admin', 'http://localhost:8090/sys_user/list', '2019-03-21 21:10:34');
INSERT INTO `sys_monitor_sql` VALUES ('b93af576-8908-40e6-a1f4-cd7cca5bb3c2', 'select id from  sys_user where username = ? ', 'admin,', '408', '0:0:0:0:0:0:0:1', '0:0:0:0:0:0:0:1', '', 'http://localhost:8090/common/login', '2019-03-21 21:17:17');
INSERT INTO `sys_monitor_sql` VALUES ('b98c1afa-76c5-471a-b2bb-6c882360e834', ' select * from sys_monitor_sql   where 1=1  limit 20 , 5 ', 'null', '1', '0:0:0:0:0:0:0:1', '0:0:0:0:0:0:0:1', 'admin', 'http://localhost:8090/sys_monitor_sql/list', '2019-03-21 20:55:30');
INSERT INTO `sys_monitor_sql` VALUES ('b9cb3ae1-1e0d-4054-8b25-d72f1a03905f', ' select * from sys_monitor_sql   where 1=1   order by time desc  limit 20 , 5', 'null', '2', '0:0:0:0:0:0:0:1', '0:0:0:0:0:0:0:1', 'admin', 'http://localhost:8090/sys_monitor_sql/list', '2019-03-24 11:42:39');
INSERT INTO `sys_monitor_sql` VALUES ('bb0ee940-efa6-4f59-a77b-14a0acdc2f55', ' select * from sys_schedule_timer_job   where 1=1   order by time desc  limit 0 , 5', 'null', '2', '0:0:0:0:0:0:0:1', '0:0:0:0:0:0:0:1', 'admin', 'http://localhost:8090/sys_schedule_timer/list', '2019-03-24 22:02:49');
INSERT INTO `sys_monitor_sql` VALUES ('bb6860f8-4da3-4ad1-b075-3280009626de', 'select sys_perms_role.* from sys_perms_role , sys_perms_user_role where sys_perms_role.id = sys_perms_user_role.role_id and sys_perms_user_role.user_id =\'01e1084a-1e70-4795-be8f-edc913a471e6\'', 'null', '0', '0:0:0:0:0:0:0:1', '0:0:0:0:0:0:0:1', '', 'http://localhost:8090/common/login', '2019-03-21 20:55:13');
INSERT INTO `sys_monitor_sql` VALUES ('bc89a7a9-efcb-46ce-9919-4755fd8b5b00', ' select * from sys_monitor_sql   where 1=1   order by time desc  limit 45 , 5', 'null', '2', '0:0:0:0:0:0:0:1', '0:0:0:0:0:0:0:1', 'admin', 'http://localhost:8090/sys_monitor_sql/list', '2019-03-24 11:57:54');
INSERT INTO `sys_monitor_sql` VALUES ('bcd1e098-3adb-4a00-970f-e8be5ce44e8e', 'select * from sys_user  where 1=1  limit 0 , 5', 'null', '1', '0:0:0:0:0:0:0:1', '0:0:0:0:0:0:0:1', 'admin', 'http://localhost:8090/sys_user/list', '2019-03-24 11:53:06');
INSERT INTO `sys_monitor_sql` VALUES ('bd898d97-bb68-47ef-b879-975b6f4cb03f', 'select * from sys_perms_role  where 1=1  limit 0 , 5', 'null', '1', '0:0:0:0:0:0:0:1', '0:0:0:0:0:0:0:1', 'admin', 'http://localhost:8090/sys_perms_role/list', '2019-03-22 22:35:07');
INSERT INTO `sys_monitor_sql` VALUES ('c0249e87-da9e-456a-b79b-eda15f57ead8', ' select * from sys_schedule_timer_job   where 1=1   order by time desc  limit 0 , 5', 'null', '2', '0:0:0:0:0:0:0:1', '0:0:0:0:0:0:0:1', 'admin', 'http://localhost:8090/sys_schedule_timer/list', '2019-03-24 22:16:48');
INSERT INTO `sys_monitor_sql` VALUES ('c0710aa2-eb6b-43f4-87c1-51c51d64d4a7', 'select * from sys_perms_role  where 1=1  limit 0 , 5', 'null', '1', '0:0:0:0:0:0:0:1', '0:0:0:0:0:0:0:1', 'admin', 'http://localhost:8090/sys_perms_role/list', '2019-03-24 12:30:42');
INSERT INTO `sys_monitor_sql` VALUES ('c07d8ea0-88c0-45fd-8e48-26e46f33cbb3', ' select * from sys_schedule_timer_job   where 1=1   order by time desc  limit 0 , 5', 'null', '2', '0:0:0:0:0:0:0:1', '0:0:0:0:0:0:0:1', 'admin', 'http://localhost:8090/sys_schedule_timer/list', '2019-03-24 22:16:41');
INSERT INTO `sys_monitor_sql` VALUES ('c0b22251-d8d4-4496-980f-c1c6c47421e3', ' select * from sys_monitor_sql   where 1=1   order by time desc  limit 0 , 5', 'null', '5', '0:0:0:0:0:0:0:1', '0:0:0:0:0:0:0:1', 'admin', 'http://localhost:8090/sys_monitor_sql/list', '2019-03-24 11:42:54');
INSERT INTO `sys_monitor_sql` VALUES ('c112d096-88f6-4be4-a6c4-7bc63977f676', 'select * from sys_user  where 1=1  limit 0 , 5', 'null', '2', '0:0:0:0:0:0:0:1', '0:0:0:0:0:0:0:1', 'admin', 'http://localhost:8090/sys_user/list', '2019-03-24 22:56:59');
INSERT INTO `sys_monitor_sql` VALUES ('c19c7337-7a6a-4802-81a3-2fefe48b69a4', ' select * from sys_schedule_timer_job   where 1=1   order by time desc  limit 0 , 5', 'null', '5', '0:0:0:0:0:0:0:1', '0:0:0:0:0:0:0:1', 'admin', 'http://localhost:8090/sys_schedule_timer/list', '2019-03-24 22:15:54');
INSERT INTO `sys_monitor_sql` VALUES ('c19dc5d3-fd8f-4690-93df-b40149a84a75', 'select sys_perms_role_urls.url from sys_perms_user_role,sys_perms_role , sys_perms_role_urls where sys_perms_role.id = sys_perms_role_urls.role_id and sys_perms_user_role.role_id = sys_perms_role.id and sys_perms_user_role.user_id =\'01e1084a-1e70-4795-be8f-edc913a471e6\'', 'null', '2', '0:0:0:0:0:0:0:1', '0:0:0:0:0:0:0:1', '', 'http://localhost:8090/common/login', '2019-03-21 21:06:37');
INSERT INTO `sys_monitor_sql` VALUES ('c1c71b43-2d97-46a0-b858-988ffba87939', ' select * from sys_monitor_sql   where 1=1   order by time desc  limit 10 , 5', 'null', '2', '0:0:0:0:0:0:0:1', '0:0:0:0:0:0:0:1', 'admin', 'http://localhost:8090/sys_monitor_sql/list', '2019-03-24 11:57:37');
INSERT INTO `sys_monitor_sql` VALUES ('c28a53ed-7ab3-42ff-9964-3fc6510a9bed', 'select * from sys_perms_role  where 1=1  limit 0 , 5', 'null', '1', '0:0:0:0:0:0:0:1', '0:0:0:0:0:0:0:1', 'admin', 'http://localhost:8090/sys_perms_role/list', '2019-03-24 14:25:35');
INSERT INTO `sys_monitor_sql` VALUES ('c2bbbdae-8981-4643-8505-7f2940a3cdc3', 'select * from sys_perms_role  where 1=1  limit 0 , 5', 'null', '1', '0:0:0:0:0:0:0:1', '0:0:0:0:0:0:0:1', 'admin', 'http://localhost:8090/sys_perms_role/list', '2019-03-22 22:27:04');
INSERT INTO `sys_monitor_sql` VALUES ('c3cdfeab-4bbb-48d8-8206-5f8fb2ba02ac', 'select * from sys_user  where 1=1  limit 0 , 5', 'null', '1', '0:0:0:0:0:0:0:1', '0:0:0:0:0:0:0:1', 'admin', 'http://localhost:8090/sys_user/list', '2019-03-24 22:03:53');
INSERT INTO `sys_monitor_sql` VALUES ('c3ee6d80-c8c2-4814-80d4-27cb81849689', ' select * from sys_schedule_timer_job   where 1=1  and job_name like ?   order by time desc  limit 0 , 5', '%测试11%,', '2', '0:0:0:0:0:0:0:1', '0:0:0:0:0:0:0:1', 'admin', 'http://localhost:8090/sys_schedule_timer/list', '2019-03-24 15:31:32');
INSERT INTO `sys_monitor_sql` VALUES ('c4100df7-0323-4229-bb30-d5ff9a434944', 'select sys_perms_role_urls.url from sys_perms_user_role,sys_perms_role , sys_perms_role_urls where sys_perms_role.id = sys_perms_role_urls.role_id and sys_perms_user_role.role_id = sys_perms_role.id and sys_perms_user_role.user_id =\'01e1084a-1e70-4795-be8f-edc913a471e6\'', 'null', '4', '0:0:0:0:0:0:0:1', '0:0:0:0:0:0:0:1', '', 'http://localhost:8090/common/login', '2019-03-21 20:49:15');
INSERT INTO `sys_monitor_sql` VALUES ('c451965b-5ede-44e9-942e-d5d6c2f9d9de', 'select id from  sys_user where username = ? ', 'admin,', '116', '0:0:0:0:0:0:0:1', '0:0:0:0:0:0:0:1', '', 'http://localhost:8090/common/login', '2019-03-23 13:46:17');
INSERT INTO `sys_monitor_sql` VALUES ('c526af23-77af-483f-b5cd-aeb65aed915c', ' select * from sys_schedule_timer_job   where 1=1   order by time desc  limit 0 , 5', 'null', '2', '0:0:0:0:0:0:0:1', '0:0:0:0:0:0:0:1', 'admin', 'http://localhost:8090/sys_schedule_timer/list', '2019-03-24 22:05:46');
INSERT INTO `sys_monitor_sql` VALUES ('c780262c-4bc8-483a-86bf-c88a48d16c4a', 'select sys_perms_role.* from sys_perms_role , sys_perms_user_role where sys_perms_role.id = sys_perms_user_role.role_id and sys_perms_user_role.user_id =\'01e1084a-1e70-4795-be8f-edc913a471e6\'', 'null', '1', '0:0:0:0:0:0:0:1', '0:0:0:0:0:0:0:1', '', 'http://localhost:8090/common/login', '2019-03-24 22:15:46');
INSERT INTO `sys_monitor_sql` VALUES ('c871a01a-5cce-445e-afbb-99a6e5d90cf8', ' select * from sys_schedule_timer_job   where 1=1   order by time desc  limit 0 , 5', 'null', '2', '0:0:0:0:0:0:0:1', '0:0:0:0:0:0:0:1', 'admin', 'http://localhost:8090/sys_schedule_timer/list', '2019-03-24 16:00:06');
INSERT INTO `sys_monitor_sql` VALUES ('c88a2784-b4ef-48e3-93ce-539122fd3619', 'select * from sys_user  where 1=1  limit 0 , 5', 'null', '7', '0:0:0:0:0:0:0:1', '0:0:0:0:0:0:0:1', 'admin', 'http://localhost:8090/sys_user/list', '2019-03-24 14:23:57');
INSERT INTO `sys_monitor_sql` VALUES ('c8910cb0-e4e5-4eb7-b50b-d6a6e17fa061', ' select * from sys_monitor_sql   where 1=1  limit 0 , 5', 'null', '1', '0:0:0:0:0:0:0:1', '0:0:0:0:0:0:0:1', 'admin', 'http://localhost:8090/sys_monitor_sql/list', '2019-03-21 20:27:24');
INSERT INTO `sys_monitor_sql` VALUES ('c973ec04-393e-4f0a-aa5b-c2440c79bc9b', ' select * from sys_schedule_timer_job   where 1=1   order by time desc  limit 0 , 5', 'null', '1', '0:0:0:0:0:0:0:1', '0:0:0:0:0:0:0:1', 'admin', 'http://localhost:8090/sys_schedule_timer/list', '2019-03-24 22:08:40');
INSERT INTO `sys_monitor_sql` VALUES ('ca54bbc9-0023-41e6-9f9a-16e1bc460684', ' select * from sys_schedule_timer_job   where 1=1   order by time desc  limit 0 , 5', 'null', '1', '0:0:0:0:0:0:0:1', '0:0:0:0:0:0:0:1', 'admin', 'http://localhost:8090/sys_schedule_timer/list', '2019-03-24 15:23:55');
INSERT INTO `sys_monitor_sql` VALUES ('cbf7b5ac-9f67-49fa-8d1e-a779f89bda57', ' select * from sys_schedule_timer_job   where 1=1   order by time desc  limit 0 , 5', 'null', '1', '0:0:0:0:0:0:0:1', '0:0:0:0:0:0:0:1', 'admin', 'http://localhost:8090/sys_schedule_timer/list', '2019-03-24 22:40:00');
INSERT INTO `sys_monitor_sql` VALUES ('ccc508ae-0fc1-4e0d-a1e7-22723fd17be5', ' select * from sys_schedule_timer_job   where 1=1   order by time desc  limit 0 , 5', 'null', '5', '0:0:0:0:0:0:0:1', '0:0:0:0:0:0:0:1', 'admin', 'http://localhost:8090/sys_schedule_timer/list', '2019-03-24 22:19:41');
INSERT INTO `sys_monitor_sql` VALUES ('cd67720d-c5e8-4b3d-b6c6-7aeefd04f1cd', ' select * from sys_monitor_sql   where 1=1  limit 40 , 20 ', 'null', '4', '0:0:0:0:0:0:0:1', '0:0:0:0:0:0:0:1', 'admin', 'http://localhost:8090/sys_monitor_sql/list', '2019-03-21 20:47:03');
INSERT INTO `sys_monitor_sql` VALUES ('cd974d81-8be3-409d-af47-85bf9aed186f', 'select * from sys_perms_role  where 1=1  limit 0 , 5', 'null', '1', '0:0:0:0:0:0:0:1', '0:0:0:0:0:0:0:1', 'admin', 'http://localhost:8090/sys_perms_role/list', '2019-03-22 22:18:50');
INSERT INTO `sys_monitor_sql` VALUES ('cdb978f2-7381-4b8c-b509-a8adac921e24', ' select * from sys_monitor_sql   where 1=1   order by time desc  limit 10 , 5', 'null', '1', '0:0:0:0:0:0:0:1', '0:0:0:0:0:0:0:1', 'admin', 'http://localhost:8090/sys_monitor_sql/list', '2019-03-24 11:42:36');
INSERT INTO `sys_monitor_sql` VALUES ('cdecdde4-7d16-43c5-a25f-696738401209', ' select * from sys_monitor_sql   where 1=1  limit 0 , 5', 'null', '3', '0:0:0:0:0:0:0:1', '0:0:0:0:0:0:0:1', 'admin', 'http://localhost:8090/sys_monitor_sql/list', '2019-03-21 20:25:15');
INSERT INTO `sys_monitor_sql` VALUES ('ce937141-9d3b-41fd-a929-03fd09f28783', 'select * from sys_user  where 1=1  limit 0 , 5', 'null', '1', '0:0:0:0:0:0:0:1', '0:0:0:0:0:0:0:1', 'admin', 'http://localhost:8090/sys_user/list', '2019-03-22 22:12:24');
INSERT INTO `sys_monitor_sql` VALUES ('cf1fdb33-9ec3-41f2-a60a-980ddf8db644', ' select * from sys_schedule_timer_job   where 1=1   order by time desc  limit 0 , 5', 'null', '1', '0:0:0:0:0:0:0:1', '0:0:0:0:0:0:0:1', 'admin', 'http://localhost:8090/sys_schedule_timer/list', '2019-03-24 22:51:25');
INSERT INTO `sys_monitor_sql` VALUES ('d0d51525-ac26-4014-ac76-75d54f8579b6', ' select * from sys_schedule_timer_job   where 1=1  and job_group_name like ?  and job_name like ?   order by time desc  limit 0 , 5', '%测试%,%测试%,', '1', '0:0:0:0:0:0:0:1', '0:0:0:0:0:0:0:1', 'admin', 'http://localhost:8090/sys_schedule_timer/list', '2019-03-24 15:31:49');
INSERT INTO `sys_monitor_sql` VALUES ('d13e3308-dc0f-41b9-ab9a-24aeafa5fdd5', ' select * from sys_schedule_timer_job   where 1=1   order by time desc  limit 0 , 5', 'null', '2', '0:0:0:0:0:0:0:1', '0:0:0:0:0:0:0:1', 'admin', 'http://localhost:8090/sys_schedule_timer/list', '2019-03-24 15:23:47');
INSERT INTO `sys_monitor_sql` VALUES ('d205d2d6-56d5-4aa1-ab2b-111167e6090a', 'select  spg.uid as id, spg.name as name,spgus.perms_group_url as url from   sys_perms_group  spg , sys_perms_group_urls spgus  where  spgus.perms_group_id = spg.uid group by  spg.uid , spg.name ,spgus.perms_group_url ', 'null', '21', '0:0:0:0:0:0:0:1', '0:0:0:0:0:0:0:1', 'admin', 'http://localhost:8090/sys_perms_role_manager/list', '2019-03-22 22:33:33');
INSERT INTO `sys_monitor_sql` VALUES ('d21d709b-e1aa-4bff-95f3-88bf38e3e72c', ' select * from sys_monitor_sql   where 1=1  limit 35 , 5', 'null', '2', '0:0:0:0:0:0:0:1', '0:0:0:0:0:0:0:1', 'admin', 'http://localhost:8090/sys_monitor_sql/list', '2019-03-21 21:06:59');
INSERT INTO `sys_monitor_sql` VALUES ('d2389cb3-b179-48f3-8b91-a1cdaee02ad2', 'select * from sys_user  where 1=1  limit 0 , 5', 'null', '1', '0:0:0:0:0:0:0:1', '0:0:0:0:0:0:0:1', 'admin', 'http://localhost:8090/sys_user/list', '2019-03-24 22:00:44');
INSERT INTO `sys_monitor_sql` VALUES ('d26064ab-7cef-4a6e-8e78-1731b9647311', ' select * from sys_schedule_timer_job   where 1=1   order by time desc  limit 0 , 5', 'null', '1', '0:0:0:0:0:0:0:1', '0:0:0:0:0:0:0:1', 'admin', 'http://localhost:8090/sys_schedule_timer/list', '2019-03-24 22:07:33');
INSERT INTO `sys_monitor_sql` VALUES ('d27c3b49-75a5-4d79-b491-07aaebeb7f41', ' select * from sys_monitor_sql   where 1=1  limit 0 , 5', 'null', '1', '0:0:0:0:0:0:0:1', '0:0:0:0:0:0:0:1', 'admin', 'http://localhost:8090/sys_monitor_sql/list', '2019-03-21 20:27:41');
INSERT INTO `sys_monitor_sql` VALUES ('d29b62e9-1468-4cb7-ab76-8e6e1aa37fc5', 'select id from  sys_user where username = ? ', 'admin,', '359', '0:0:0:0:0:0:0:1', '0:0:0:0:0:0:0:1', '', 'http://localhost:8090/common/login', '2019-03-21 20:49:15');
INSERT INTO `sys_monitor_sql` VALUES ('d312164c-4c16-4a6a-bad7-2eed15c7de96', ' select * from sys_monitor_sql   where 1=1   order by time desc  limit 0 , 5', 'null', '2', '0:0:0:0:0:0:0:1', '0:0:0:0:0:0:0:1', 'admin', 'http://localhost:8090/sys_monitor_sql/list', '2019-03-24 11:53:17');
INSERT INTO `sys_monitor_sql` VALUES ('d39429df-761d-4b48-9a07-2b687772c98d', 'select id from  sys_user where username = ? ', 'admin,', '387', '0:0:0:0:0:0:0:1', '0:0:0:0:0:0:0:1', '', 'http://localhost:8090/common/login', '2019-03-21 20:51:13');
INSERT INTO `sys_monitor_sql` VALUES ('d4378479-ff6f-484f-b596-ca6e93e07e76', 'select * from sys_perms_role  where 1=1  limit 0 , 5', 'null', '1', '0:0:0:0:0:0:0:1', '0:0:0:0:0:0:0:1', 'admin', 'http://localhost:8090/sys_perms_role/list', '2019-03-22 22:14:42');
INSERT INTO `sys_monitor_sql` VALUES ('d4716430-773d-40b8-bd8a-8d8d8ebe48b0', ' select * from sys_schedule_timer_job   where 1=1  and trigger_group_name like ?  and job_group_name like ?  and job_name like ?  and trigger_name like ?   order by time desc  limit 0 , 5', '%undefined%,%undefined%,%undefined%,%undefined%,', '1', '0:0:0:0:0:0:0:1', '0:0:0:0:0:0:0:1', 'admin', 'http://localhost:8090/sys_schedule_timer/list', '2019-03-24 15:20:39');
INSERT INTO `sys_monitor_sql` VALUES ('d678d602-da7a-49ff-82c1-2c9d047eab7d', ' select * from sys_schedule_timer_job   where 1=1   order by time desc  limit 0 , 5', 'null', '1', '0:0:0:0:0:0:0:1', '0:0:0:0:0:0:0:1', 'admin', 'http://localhost:8090/sys_schedule_timer/list', '2019-03-24 22:05:07');
INSERT INTO `sys_monitor_sql` VALUES ('d6b12a41-50a9-4e47-a9d2-c8ed2f761d20', 'select sys_perms_role_urls.url from sys_perms_user_role,sys_perms_role , sys_perms_role_urls where sys_perms_role.id = sys_perms_role_urls.role_id and sys_perms_user_role.role_id = sys_perms_role.id and sys_perms_user_role.user_id =\'01e1084a-1e70-4795-be8f-edc913a471e6\'', 'null', '4', '0:0:0:0:0:0:0:1', '0:0:0:0:0:0:0:1', '', 'http://localhost:8090/common/login', '2019-03-24 11:53:05');
INSERT INTO `sys_monitor_sql` VALUES ('d93d9eba-fba4-45e6-808a-c657ae5058f8', ' select * from sys_schedule_timer_job   where 1=1   order by time desc  limit 0 , 5', 'null', '1', '0:0:0:0:0:0:0:1', '0:0:0:0:0:0:0:1', 'admin', 'http://localhost:8090/sys_schedule_timer/list', '2019-03-24 22:07:54');
INSERT INTO `sys_monitor_sql` VALUES ('daaeda05-05e4-43bd-9e1d-ddf3a02ee4f0', 'select id from  sys_user where username = ? ', 'admin,', '537', '0:0:0:0:0:0:0:1', '0:0:0:0:0:0:0:1', '', 'http://localhost:8090/common/login', '2019-03-24 21:44:24');
INSERT INTO `sys_monitor_sql` VALUES ('db994c83-d83e-4900-a8f9-f3d1d0d7355c', 'select * from sys_user  where 1=1  limit 0 , 5', 'null', '1', '0:0:0:0:0:0:0:1', '0:0:0:0:0:0:0:1', 'admin', 'http://localhost:8090/sys_user/list', '2019-03-22 22:12:26');
INSERT INTO `sys_monitor_sql` VALUES ('dd7e0c20-4abb-4bc7-9d67-f7267522e693', 'select id from  sys_user where username = ? ', 'admin,', '350', '0:0:0:0:0:0:0:1', '0:0:0:0:0:0:0:1', '', 'http://localhost:8090/common/login', '2019-03-24 14:23:57');
INSERT INTO `sys_monitor_sql` VALUES ('def46eb1-3128-4c58-8400-ed0ac811f930', 'select * from sys_user  where 1=1  limit 0 , 5', 'null', '1', '0:0:0:0:0:0:0:1', '0:0:0:0:0:0:0:1', 'admin', 'http://localhost:8090/sys_user/list', '2019-03-22 22:13:36');
INSERT INTO `sys_monitor_sql` VALUES ('e018b3ce-fcf1-44d0-a573-f1707e4997d5', ' select * from sys_schedule_timer_job   where 1=1   order by time desc  limit 0 , 5', 'null', '3', '0:0:0:0:0:0:0:1', '0:0:0:0:0:0:0:1', 'admin', 'http://localhost:8090/sys_schedule_timer/list', '2019-03-24 22:12:29');
INSERT INTO `sys_monitor_sql` VALUES ('e0562c8d-398c-4098-9795-c2737588e286', 'select * from sys_perms_role  where 1=1  limit 0 , 5', 'null', '1', '0:0:0:0:0:0:0:1', '0:0:0:0:0:0:0:1', 'admin', 'http://localhost:8090/sys_perms_role/list', '2019-03-24 14:25:36');
INSERT INTO `sys_monitor_sql` VALUES ('e0943113-f0be-4560-9e92-6d2a359ee8c3', ' select * from sys_schedule_timer_job   where 1=1   order by time desc  limit 0 , 5', 'null', '1', '0:0:0:0:0:0:0:1', '0:0:0:0:0:0:0:1', 'admin', 'http://localhost:8090/sys_schedule_timer/list', '2019-03-24 22:26:02');
INSERT INTO `sys_monitor_sql` VALUES ('e0bbc603-9040-40ea-be60-24fe800f5f00', 'select sys_perms_role_urls.url from sys_perms_user_role,sys_perms_role , sys_perms_role_urls where sys_perms_role.id = sys_perms_role_urls.role_id and sys_perms_user_role.role_id = sys_perms_role.id and sys_perms_user_role.user_id =\'01e1084a-1e70-4795-be8f-edc913a471e6\'', 'null', '9', '0:0:0:0:0:0:0:1', '0:0:0:0:0:0:0:1', '', 'http://localhost:8090/common/login', '2019-03-24 21:44:24');
INSERT INTO `sys_monitor_sql` VALUES ('e0bd2c0c-fca1-46aa-a38a-7f7318370f51', ' select * from sys_monitor_sql   where 1=1  limit 35 , 5 ', 'null', '1', '0:0:0:0:0:0:0:1', '0:0:0:0:0:0:0:1', 'admin', 'http://localhost:8090/sys_monitor_sql/list', '2019-03-21 20:55:46');
INSERT INTO `sys_monitor_sql` VALUES ('e163f4a2-1bd0-4fb3-9399-1be3fcc5f768', ' select * from sys_schedule_timer_job   where 1=1   order by time desc  limit 0 , 5', 'null', '1', '0:0:0:0:0:0:0:1', '0:0:0:0:0:0:0:1', 'admin', 'http://localhost:8090/sys_schedule_timer/list', '2019-03-24 22:08:59');
INSERT INTO `sys_monitor_sql` VALUES ('e17a1f18-3efb-49f7-b8e1-d1679aa0392e', ' select * from sys_monitor_sql   where 1=1   order by time desc  limit 5 , 5', 'null', '2', '0:0:0:0:0:0:0:1', '0:0:0:0:0:0:0:1', 'admin', 'http://localhost:8090/sys_monitor_sql/list', '2019-03-21 21:18:53');
INSERT INTO `sys_monitor_sql` VALUES ('e1a0288b-3b1a-446f-b916-0e79a9911062', 'select id from  sys_user where username = ? ', 'admin,', '322', '0:0:0:0:0:0:0:1', '0:0:0:0:0:0:0:1', '', 'http://localhost:8090/common/login', '2019-03-24 22:43:44');
INSERT INTO `sys_monitor_sql` VALUES ('e1e3d56e-b545-4d3f-bb8d-16bffba80e2e', 'select * from sys_user  where 1=1  limit 0 , 5', 'null', '2', '0:0:0:0:0:0:0:1', '0:0:0:0:0:0:0:1', 'admin', 'http://localhost:8090/sys_user/list', '2019-03-23 13:46:18');
INSERT INTO `sys_monitor_sql` VALUES ('e2942302-529a-4818-bcee-950c70353e3c', ' select * from sys_monitor_sql   where 1=1  and esql like ?  limit 0 , 5', '%s%,', '1', '0:0:0:0:0:0:0:1', '0:0:0:0:0:0:0:1', 'admin', 'http://localhost:8090/sys_monitor_sql/list', '2019-03-21 20:28:32');
INSERT INTO `sys_monitor_sql` VALUES ('e3206897-15b0-42da-ae37-244232420ec3', 'select sys_perms_role.* from sys_perms_role , sys_perms_user_role where sys_perms_role.id = sys_perms_user_role.role_id and sys_perms_user_role.user_id =\'01e1084a-1e70-4795-be8f-edc913a471e6\'', 'null', '1', '0:0:0:0:0:0:0:1', '0:0:0:0:0:0:0:1', '', 'http://localhost:8090/common/login', '2019-03-24 15:03:36');
INSERT INTO `sys_monitor_sql` VALUES ('e3a298bd-50a0-4b65-b387-aa2653f3dddf', 'select sys_perms_role_urls.url from sys_perms_user_role,sys_perms_role , sys_perms_role_urls where sys_perms_role.id = sys_perms_role_urls.role_id and sys_perms_user_role.role_id = sys_perms_role.id and sys_perms_user_role.user_id =\'01e1084a-1e70-4795-be8f-edc913a471e6\'', 'null', '3', '0:0:0:0:0:0:0:1', '0:0:0:0:0:0:0:1', '', 'http://localhost:8090/common/login', '2019-03-24 14:49:48');
INSERT INTO `sys_monitor_sql` VALUES ('e3e01c11-f0ca-4d0b-b55c-55dfea3d2d7d', ' select * from sys_schedule_timer_job   where 1=1   order by time desc  limit 0 , 5', 'null', '2', '0:0:0:0:0:0:0:1', '0:0:0:0:0:0:0:1', 'admin', 'http://localhost:8090/sys_schedule_timer/list', '2019-03-24 22:08:03');
INSERT INTO `sys_monitor_sql` VALUES ('e40c903a-b88f-41ea-8d49-c3f55bb0319e', ' select * from sys_schedule_timer_job   where 1=1   order by time desc  limit 0 , 5', 'null', '1', '0:0:0:0:0:0:0:1', '0:0:0:0:0:0:0:1', 'admin', 'http://localhost:8090/sys_schedule_timer/list', '2019-03-24 15:14:18');
INSERT INTO `sys_monitor_sql` VALUES ('e41eaccd-3862-40c8-8163-7a2b86c93268', ' select * from sys_schedule_timer_job   where 1=1   order by time desc  limit 0 , 5', 'null', '1', '0:0:0:0:0:0:0:1', '0:0:0:0:0:0:0:1', 'admin', 'http://localhost:8090/sys_schedule_timer/list', '2019-03-24 15:31:22');
INSERT INTO `sys_monitor_sql` VALUES ('e4671732-7e98-4d73-b993-fcc87605917e', ' select * from sys_schedule_timer_job   where 1=1   order by time desc  limit 0 , 5', 'null', '1', '0:0:0:0:0:0:0:1', '0:0:0:0:0:0:0:1', 'admin', 'http://localhost:8090/sys_schedule_timer/list', '2019-03-24 22:08:23');
INSERT INTO `sys_monitor_sql` VALUES ('e4c652e1-f5a0-46d1-a62f-42e0919d703a', 'select sys_perms_role_urls.url from sys_perms_user_role,sys_perms_role , sys_perms_role_urls where sys_perms_role.id = sys_perms_role_urls.role_id and sys_perms_user_role.role_id = sys_perms_role.id and sys_perms_user_role.user_id =\'01e1084a-1e70-4795-be8f-edc913a471e6\'', 'null', '5', '0:0:0:0:0:0:0:1', '0:0:0:0:0:0:0:1', '', 'http://localhost:8090/common/login', '2019-03-24 22:43:44');
INSERT INTO `sys_monitor_sql` VALUES ('e4db85aa-b8eb-4389-b8fc-417a63f35c19', 'select id from  sys_user where username = ? ', 'admin,', '561', '0:0:0:0:0:0:0:1', '0:0:0:0:0:0:0:1', '', 'http://localhost:8090/common/login', '2019-03-22 22:44:08');
INSERT INTO `sys_monitor_sql` VALUES ('e546afdb-cb33-4c45-ab89-ee4c784d7e64', 'select sys_perms_role.* from sys_perms_role , sys_perms_user_role where sys_perms_role.id = sys_perms_user_role.role_id and sys_perms_user_role.user_id =\'01e1084a-1e70-4795-be8f-edc913a471e6\'', 'null', '0', '0:0:0:0:0:0:0:1', '0:0:0:0:0:0:0:1', '', 'http://localhost:8090/common/login', '2019-03-21 20:57:07');
INSERT INTO `sys_monitor_sql` VALUES ('e5a3a9b0-105f-4a44-bea1-5d112b84397f', 'select sys_perms_role.* from sys_perms_role , sys_perms_user_role where sys_perms_role.id = sys_perms_user_role.role_id and sys_perms_user_role.user_id =\'01e1084a-1e70-4795-be8f-edc913a471e6\'', 'null', '1', '0:0:0:0:0:0:0:1', '0:0:0:0:0:0:0:1', '', 'http://localhost:8090/common/login', '2019-03-21 20:49:15');
INSERT INTO `sys_monitor_sql` VALUES ('e5e86631-fa98-4656-a96e-eba6b747c09a', 'select sys_perms_role.id from sys_perms_role , sys_perms_user_role where sys_perms_role.id = sys_perms_user_role.role_id and sys_perms_user_role.user_id =\'01e1084a-1e70-4795-be8f-edc913a471e6\'', 'null', '1', '0:0:0:0:0:0:0:1', '0:0:0:0:0:0:0:1', 'admin', 'http://localhost:8090/sys_perms_user_role_manager/list', '2019-03-22 22:45:13');
INSERT INTO `sys_monitor_sql` VALUES ('e60772e9-d978-4001-ac7a-a0918de1802f', ' select * from sys_monitor_sql   where 1=1  limit 40 , 5 ', 'null', '2', '0:0:0:0:0:0:0:1', '0:0:0:0:0:0:0:1', 'admin', 'http://localhost:8090/sys_monitor_sql/list', '2019-03-21 20:55:35');
INSERT INTO `sys_monitor_sql` VALUES ('e61df6b9-463b-4f09-87b9-a35ea000912b', ' select * from sys_schedule_timer_job   where 1=1   order by time desc  limit 0 , 5', 'null', '1', '0:0:0:0:0:0:0:1', '0:0:0:0:0:0:0:1', 'admin', 'http://localhost:8090/sys_schedule_timer/list', '2019-03-24 15:26:01');
INSERT INTO `sys_monitor_sql` VALUES ('e6896aa0-e316-4c3e-bb9a-0b5724236d45', 'select sys_perms_role.* from sys_perms_role , sys_perms_user_role where sys_perms_role.id = sys_perms_user_role.role_id and sys_perms_user_role.user_id =\'01e1084a-1e70-4795-be8f-edc913a471e6\'', 'null', '16', '0:0:0:0:0:0:0:1', '0:0:0:0:0:0:0:1', '', 'http://localhost:8090/common/login', '2019-03-24 11:53:05');
INSERT INTO `sys_monitor_sql` VALUES ('e7b828b5-a07b-4c82-9257-f2304aa8e9f1', ' select * from sys_monitor_sql   where 1=1  and params like ?  limit 0 , 5', '%s%,', '1', '0:0:0:0:0:0:0:1', '0:0:0:0:0:0:0:1', 'admin', 'http://localhost:8090/sys_monitor_sql/list', '2019-03-21 20:28:23');
INSERT INTO `sys_monitor_sql` VALUES ('e7e474a6-c4da-4e26-8e60-49165fe85934', 'select sys_perms_role_urls.url from sys_perms_user_role,sys_perms_role , sys_perms_role_urls where sys_perms_role.id = sys_perms_role_urls.role_id and sys_perms_user_role.role_id = sys_perms_role.id and sys_perms_user_role.user_id =\'01e1084a-1e70-4795-be8f-edc913a471e6\'', 'null', '3', '0:0:0:0:0:0:0:1', '0:0:0:0:0:0:0:1', '', 'http://localhost:8090/common/login', '2019-03-21 21:13:56');
INSERT INTO `sys_monitor_sql` VALUES ('e857d104-29e0-4836-9879-9fe1003ab472', 'select sys_perms_role_urls.url from sys_perms_user_role,sys_perms_role , sys_perms_role_urls where sys_perms_role.id = sys_perms_role_urls.role_id and sys_perms_user_role.role_id = sys_perms_role.id and sys_perms_user_role.user_id =\'01e1084a-1e70-4795-be8f-edc913a471e6\'', 'null', '6', '0:0:0:0:0:0:0:1', '0:0:0:0:0:0:0:1', '', 'http://localhost:8090/common/login', '2019-03-24 23:08:04');
INSERT INTO `sys_monitor_sql` VALUES ('e89910ce-e1da-4612-86a2-975e9f2daaf1', 'select sys_perms_role_urls.url from sys_perms_user_role,sys_perms_role , sys_perms_role_urls where sys_perms_role.id = sys_perms_role_urls.role_id and sys_perms_user_role.role_id = sys_perms_role.id and sys_perms_user_role.user_id =\'01e1084a-1e70-4795-be8f-edc913a471e6\'', 'null', '8', '0:0:0:0:0:0:0:1', '0:0:0:0:0:0:0:1', '', 'http://localhost:8090/common/login', '2019-03-24 22:51:22');
INSERT INTO `sys_monitor_sql` VALUES ('ea7ffc31-2d20-4374-8feb-1142c95eb447', 'select sys_perms_role_urls.url from sys_perms_user_role,sys_perms_role , sys_perms_role_urls where sys_perms_role.id = sys_perms_role_urls.role_id and sys_perms_user_role.role_id = sys_perms_role.id and sys_perms_user_role.user_id =\'01e1084a-1e70-4795-be8f-edc913a471e6\'', 'null', '8', '0:0:0:0:0:0:0:1', '0:0:0:0:0:0:0:1', '', 'http://localhost:8090/common/login', '2019-03-24 22:57:43');
INSERT INTO `sys_monitor_sql` VALUES ('eb7d4619-f64d-4a94-b848-450ffc44adad', ' select * from sys_schedule_timer_job   where 1=1   order by time desc  limit 0 , 5', 'null', '1', '0:0:0:0:0:0:0:1', '0:0:0:0:0:0:0:1', 'admin', 'http://localhost:8090/sys_schedule_timer/list', '2019-03-24 22:26:15');
INSERT INTO `sys_monitor_sql` VALUES ('ecb65231-4994-40a7-bfda-65006afa1d8e', 'select * from sys_user  where 1=1  limit 0 , 5', 'null', '1', '0:0:0:0:0:0:0:1', '0:0:0:0:0:0:0:1', 'admin', 'http://localhost:8090/sys_user/list', '2019-03-24 22:21:51');
INSERT INTO `sys_monitor_sql` VALUES ('ecbc518e-bfcf-4ca5-aaa1-10760907b6f0', ' select * from sys_schedule_timer_job   where 1=1   order by time desc  limit 0 , 5', 'null', '1', '0:0:0:0:0:0:0:1', '0:0:0:0:0:0:0:1', 'admin', 'http://localhost:8090/sys_schedule_timer/list', '2019-03-24 16:07:13');
INSERT INTO `sys_monitor_sql` VALUES ('ecc20b3a-03bc-461e-92d1-a7bc947fafb9', 'select * from sys_perms_role  where 1=1  limit 0 , 5', 'null', '2', '0:0:0:0:0:0:0:1', '0:0:0:0:0:0:0:1', 'admin', 'http://localhost:8090/sys_perms_role/list', '2019-03-24 14:24:45');
INSERT INTO `sys_monitor_sql` VALUES ('ed98ee7e-3597-4c2a-8f5d-61a59d174856', ' select * from sys_monitor_sql   where 1=1  limit 5 , 5', 'null', '1', '0:0:0:0:0:0:0:1', '0:0:0:0:0:0:0:1', 'admin', 'http://localhost:8090/sys_monitor_sql/list', '2019-03-21 20:27:43');
INSERT INTO `sys_monitor_sql` VALUES ('edb4bc94-6d76-4b18-9de0-ac7c9216231d', 'select * from sys_perms_role  where 1=1  limit 0 , 5', 'null', '3', '0:0:0:0:0:0:0:1', '0:0:0:0:0:0:0:1', 'admin', 'http://localhost:8090/sys_perms_role/list', '2019-03-22 22:27:39');
INSERT INTO `sys_monitor_sql` VALUES ('edbd8915-2608-48ce-afd6-e60ce9b60469', 'select * from sys_user  where 1=1  limit 0 , 5', 'null', '1', '0:0:0:0:0:0:0:1', '0:0:0:0:0:0:0:1', 'admin', 'http://localhost:8090/sys_user/list', '2019-03-24 12:14:00');
INSERT INTO `sys_monitor_sql` VALUES ('ee7d12eb-8860-4d37-977d-eb43a37941e8', 'select sys_perms_role.* from sys_perms_role , sys_perms_user_role where sys_perms_role.id = sys_perms_user_role.role_id and sys_perms_user_role.user_id =\'01e1084a-1e70-4795-be8f-edc913a471e6\'', 'null', '1', '0:0:0:0:0:0:0:1', '0:0:0:0:0:0:0:1', '', 'http://localhost:8090/common/login', '2019-03-21 20:43:46');
INSERT INTO `sys_monitor_sql` VALUES ('efb7fd3d-b9dd-49ae-b40f-42c8a542c371', ' select * from sys_monitor_sql   where 1=1  limit 0 , 5', 'null', '1', '0:0:0:0:0:0:0:1', '0:0:0:0:0:0:0:1', 'admin', 'http://localhost:8090/sys_monitor_sql/list', '2019-03-21 20:27:46');
INSERT INTO `sys_monitor_sql` VALUES ('f009796d-c592-46e3-bfa1-317bc6e75c5b', ' select * from sys_monitor_sql   where 1=1  limit 25 , 5', 'null', '1', '0:0:0:0:0:0:0:1', '0:0:0:0:0:0:0:1', 'admin', 'http://localhost:8090/sys_monitor_sql/list', '2019-03-21 21:06:56');
INSERT INTO `sys_monitor_sql` VALUES ('f01e1655-f6bc-453c-9cc1-2c2efd79b75e', 'select * from sys_user  where 1=1  limit 0 , 5', 'null', '1', '0:0:0:0:0:0:0:1', '0:0:0:0:0:0:0:1', 'admin', 'http://localhost:8090/sys_user/list', '2019-03-24 22:22:10');
INSERT INTO `sys_monitor_sql` VALUES ('f10a810b-7234-4bb1-950e-a40773bc9f54', ' select * from sys_monitor_sql   where 1=1   order by time desc  limit 25 , 5', 'null', '1', '0:0:0:0:0:0:0:1', '0:0:0:0:0:0:0:1', 'admin', 'http://localhost:8090/sys_monitor_sql/list', '2019-03-24 11:57:42');
INSERT INTO `sys_monitor_sql` VALUES ('f1473c9d-6c03-4423-a7e0-6fe1ed4907a0', 'select * from sys_user  where 1=1  limit 5 , 5', 'null', '1', '0:0:0:0:0:0:0:1', '0:0:0:0:0:0:0:1', 'admin', 'http://localhost:8090/sys_user/list', '2019-03-21 21:12:43');
INSERT INTO `sys_monitor_sql` VALUES ('f1a1da6c-1d2c-4a55-8570-1df85b7f815b', 'select sys_perms_role_urls.url from sys_perms_user_role,sys_perms_role , sys_perms_role_urls where sys_perms_role.id = sys_perms_role_urls.role_id and sys_perms_user_role.role_id = sys_perms_role.id and sys_perms_user_role.user_id =\'01e1084a-1e70-4795-be8f-edc913a471e6\'', 'null', '8', '0:0:0:0:0:0:0:1', '0:0:0:0:0:0:0:1', '', 'http://localhost:8090/common/login', '2019-03-22 22:44:08');
INSERT INTO `sys_monitor_sql` VALUES ('f1e2399f-2067-4791-a125-48fcc5d63d54', ' select * from sys_monitor_sql   where 1=1   order by time desc  limit 15 , 5', 'null', '2', '0:0:0:0:0:0:0:1', '0:0:0:0:0:0:0:1', 'admin', 'http://localhost:8090/sys_monitor_sql/list', '2019-03-24 11:42:38');
INSERT INTO `sys_monitor_sql` VALUES ('f22a7e8f-8e67-4ca6-86c5-9968a5c7f2d9', 'select * from sys_perms_role  where 1=1  limit 0 , 5', 'null', '1', '0:0:0:0:0:0:0:1', '0:0:0:0:0:0:0:1', 'admin', 'http://localhost:8090/sys_perms_role/list', '2019-03-24 14:34:32');
INSERT INTO `sys_monitor_sql` VALUES ('f22ebb5e-7a4d-4983-bcf7-cca351c0d391', ' select * from sys_schedule_timer_job   where 1=1   order by time desc  limit 0 , 5', 'null', '5', '0:0:0:0:0:0:0:1', '0:0:0:0:0:0:0:1', 'admin', 'http://localhost:8090/sys_schedule_timer/list', '2019-03-24 22:53:49');
INSERT INTO `sys_monitor_sql` VALUES ('f2734660-e2ba-47fc-87c4-349acd434da9', 'select * from sys_user  where 1=1  limit 0 , 5', 'null', '2', '0:0:0:0:0:0:0:1', '0:0:0:0:0:0:0:1', 'admin', 'http://localhost:8090/sys_user/list', '2019-03-24 14:43:39');
INSERT INTO `sys_monitor_sql` VALUES ('f3237321-4215-485d-b6d9-fc84f6f7d4d7', ' select * from sys_schedule_timer_job   where 1=1   order by time desc  limit 0 , 5', 'null', '1', '0:0:0:0:0:0:0:1', '0:0:0:0:0:0:0:1', 'admin', 'http://localhost:8090/sys_schedule_timer/list', '2019-03-24 22:00:03');
INSERT INTO `sys_monitor_sql` VALUES ('f3c2ba0d-dcc5-4c3f-a73c-da04894236be', ' select * from sys_monitor_sql   where 1=1   order by time desc  limit 80 , 5', 'null', '1', '0:0:0:0:0:0:0:1', '0:0:0:0:0:0:0:1', 'admin', 'http://localhost:8090/sys_monitor_sql/list', '2019-03-21 21:20:00');
INSERT INTO `sys_monitor_sql` VALUES ('f405788a-5912-4704-8faa-70bf8a64b7f1', ' select * from sys_schedule_timer_job   where 1=1  and trigger_group_name like ?  and job_group_name like ?  and job_name like ?  and trigger_name like ?   order by time desc  limit 0 , 5', '%undefined%,%undefined%,%undefined%,%undefined%,', '1', '0:0:0:0:0:0:0:1', '0:0:0:0:0:0:0:1', 'admin', 'http://localhost:8090/sys_schedule_timer/list', '2019-03-24 15:21:26');
INSERT INTO `sys_monitor_sql` VALUES ('f437141c-0b2f-425c-b666-54c778e722ba', 'select * from sys_user  where 1=1  limit 0 , 5', 'null', '1', '0:0:0:0:0:0:0:1', '0:0:0:0:0:0:0:1', 'admin', 'http://localhost:8090/sys_user/list', '2019-03-24 15:03:37');
INSERT INTO `sys_monitor_sql` VALUES ('f51bbd58-c8e1-48df-92f0-511cc85c2d1f', ' select * from sys_schedule_timer_job   where 1=1   order by time desc  limit 0 , 5', 'null', '2', '0:0:0:0:0:0:0:1', '0:0:0:0:0:0:0:1', 'admin', 'http://localhost:8090/sys_schedule_timer/list', '2019-03-24 15:07:05');
INSERT INTO `sys_monitor_sql` VALUES ('f555f5f4-3b72-491a-95f6-53806080c8ee', ' select * from sys_monitor_sql   where 1=1  limit 5 , 5', 'null', '1', '0:0:0:0:0:0:0:1', '0:0:0:0:0:0:0:1', 'admin', 'http://localhost:8090/sys_monitor_sql/list', '2019-03-21 21:07:20');
INSERT INTO `sys_monitor_sql` VALUES ('f6663c75-d036-4703-8116-3dfae0a310f7', ' select * from sys_schedule_timer_job   where 1=1   order by time desc  limit 0 , 5', 'null', '1', '0:0:0:0:0:0:0:1', '0:0:0:0:0:0:0:1', 'admin', 'http://localhost:8090/sys_schedule_timer/list', '2019-03-24 22:06:37');
INSERT INTO `sys_monitor_sql` VALUES ('f6ba162f-3bc0-43d2-a0ca-676bc0135d8c', ' select * from sys_monitor_sql   where 1=1  limit 35 , 5 ', 'null', '1', '0:0:0:0:0:0:0:1', '0:0:0:0:0:0:0:1', 'admin', 'http://localhost:8090/sys_monitor_sql/list', '2019-03-21 20:55:37');
INSERT INTO `sys_monitor_sql` VALUES ('f6ef3f7d-c0d9-4b1e-adb3-bab0cbcdb6c3', ' select * from sys_monitor_sql   where 1=1   order by time desc  limit 35 , 5', 'null', '2', '0:0:0:0:0:0:0:1', '0:0:0:0:0:0:0:1', 'admin', 'http://localhost:8090/sys_monitor_sql/list', '2019-03-21 21:19:23');
INSERT INTO `sys_monitor_sql` VALUES ('f88497d2-9ba0-4729-a9fb-ee7f39fb7094', 'select * from sys_perms_role  where 1=1  limit 0 , 5', 'null', '1', '0:0:0:0:0:0:0:1', '0:0:0:0:0:0:0:1', 'admin', 'http://localhost:8090/sys_perms_role/list', '2019-03-24 12:31:16');
INSERT INTO `sys_monitor_sql` VALUES ('fa5c6f70-a1e1-4c87-a4d4-54fde5646b8e', 'select sys_perms_role.* from sys_perms_role , sys_perms_user_role where sys_perms_role.id = sys_perms_user_role.role_id and sys_perms_user_role.user_id =\'01e1084a-1e70-4795-be8f-edc913a471e6\'', 'null', '1', '0:0:0:0:0:0:0:1', '0:0:0:0:0:0:0:1', '', 'http://localhost:8090/common/login', '2019-03-24 14:23:57');
INSERT INTO `sys_monitor_sql` VALUES ('faaba974-4c29-47bb-9f00-5f53ed4aa97e', ' select * from sys_schedule_timer_job   where 1=1   order by time desc  limit 0 , 5', 'null', '1', '0:0:0:0:0:0:0:1', '0:0:0:0:0:0:0:1', 'admin', 'http://localhost:8090/sys_schedule_timer/list', '2019-03-24 22:20:17');
INSERT INTO `sys_monitor_sql` VALUES ('fc01ae28-ec8a-436b-9a1a-3e623f75330b', ' select * from sys_schedule_timer_job   where 1=1   order by time desc  limit 0 , 5', 'null', '1', '0:0:0:0:0:0:0:1', '0:0:0:0:0:0:0:1', 'admin', 'http://localhost:8090/sys_schedule_timer/list', '2019-03-24 22:52:42');
INSERT INTO `sys_monitor_sql` VALUES ('fca8f982-43f3-4cff-a8d4-99c1583ebed3', ' select * from sys_schedule_timer_job   where 1=1   order by time desc  limit 0 , 5', 'null', '1', '0:0:0:0:0:0:0:1', '0:0:0:0:0:0:0:1', 'admin', 'http://localhost:8090/sys_schedule_timer/list', '2019-03-24 22:54:08');
INSERT INTO `sys_monitor_sql` VALUES ('fcc1594c-6fa8-4488-90a0-e0d922543a92', ' select * from sys_schedule_timer_job   where 1=1  and trigger_group_name like ?  and job_group_name like ?  and job_name like ?  and trigger_name like ?   order by time desc  limit 0 , 5', '%undefined%,%undefined%,%undefined%,%undefined%,', '1', '0:0:0:0:0:0:0:1', '0:0:0:0:0:0:0:1', 'admin', 'http://localhost:8090/sys_schedule_timer/list', '2019-03-24 15:22:17');
INSERT INTO `sys_monitor_sql` VALUES ('fdede6c0-e377-4c9c-a87b-433bdb191b56', 'select * from sys_perms_role  where 1=1  limit 0 , 5', 'null', '1', '0:0:0:0:0:0:0:1', '0:0:0:0:0:0:0:1', 'admin', 'http://localhost:8090/sys_perms_role/list', '2019-03-24 12:30:49');
INSERT INTO `sys_monitor_sql` VALUES ('fdf852bc-dc42-41ad-9ef2-36725e90a9a8', ' select * from sys_schedule_timer_job   where 1=1  and job_group_name like ?  and job_name like ?   order by time desc  limit 0 , 5', '%11%,%测试%,', '1', '0:0:0:0:0:0:0:1', '0:0:0:0:0:0:0:1', 'admin', 'http://localhost:8090/sys_schedule_timer/list', '2019-03-24 15:31:42');
INSERT INTO `sys_monitor_sql` VALUES ('fea043c5-cb3f-4a83-b5fd-ae60888f1715', 'select sys_perms_role.* from sys_perms_role , sys_perms_user_role where sys_perms_role.id = sys_perms_user_role.role_id and sys_perms_user_role.user_id =\'01e1084a-1e70-4795-be8f-edc913a471e6\'', 'null', '2', '0:0:0:0:0:0:0:1', '0:0:0:0:0:0:0:1', '', 'http://localhost:8090/common/login', '2019-03-22 22:11:15');
INSERT INTO `sys_monitor_sql` VALUES ('ffa46524-2c80-48a4-8a08-b3119ba4cb8c', ' select * from sys_monitor_sql   where 1=1  limit 10 , 5', 'null', '2', '0:0:0:0:0:0:0:1', '0:0:0:0:0:0:0:1', 'admin', 'http://localhost:8090/sys_monitor_sql/list', '2019-03-21 21:06:53');

-- ----------------------------
-- Table structure for `sys_perms_group`
-- ----------------------------
DROP TABLE IF EXISTS `sys_perms_group`;
CREATE TABLE `sys_perms_group` (
  `name` varchar(50) NOT NULL,
  `id` varchar(32) NOT NULL,
  `uid` varchar(40) NOT NULL,
  PRIMARY KEY (`uid`)
) ENGINE=InnoDB DEFAULT CHARSET=utf8;

-- ----------------------------
-- Records of sys_perms_group
-- ----------------------------
INSERT INTO `sys_perms_group` VALUES ('模块管理', 'SYS_PERMS_GROUP', '3e545880-e3b5-4cbb-b212-ec9bfe46e347');
INSERT INTO `sys_perms_group` VALUES ('系统属性', 'SYS_SETTING_PROPERTIES', '447ca946-56cb-40f9-acde-24860de3f10b');
INSERT INTO `sys_perms_group` VALUES ('用户管理', 'SYS_SETTING_USERS', '4ea4a780-9986-459c-86ce-55f3bac90081');
INSERT INTO `sys_perms_group` VALUES ('角色管理', 'SYS_PERMS_ROLE', '62d8c1e4-5011-49b5-9d98-6bc2df2bbc76');
INSERT INTO `sys_perms_group` VALUES ('性能监控', 'SYS_MONITOR', '9538401e-6b11-4aff-94e8-9aa5dc29bd5d');

-- ----------------------------
-- Table structure for `sys_perms_group_urls`
-- ----------------------------
DROP TABLE IF EXISTS `sys_perms_group_urls`;
CREATE TABLE `sys_perms_group_urls` (
  `id` varchar(40) NOT NULL,
  `perms_group_id` varchar(40) DEFAULT NULL,
  `perms_group_url` varchar(100) DEFAULT NULL,
  PRIMARY KEY (`id`)
) ENGINE=InnoDB DEFAULT CHARSET=utf8;

-- ----------------------------
-- Records of sys_perms_group_urls
-- ----------------------------
INSERT INTO `sys_perms_group_urls` VALUES ('0d1172f4-7702-4f89-bb6e-f580d235387e', '9538401e-6b11-4aff-94e8-9aa5dc29bd5d', '/sys_monitor_sql/list');
INSERT INTO `sys_perms_group_urls` VALUES ('19319bf2-7cb6-4fa7-898e-4939540b4b02', '62d8c1e4-5011-49b5-9d98-6bc2df2bbc76', '/sys_perms_role/getPermsRoleInfo');
INSERT INTO `sys_perms_group_urls` VALUES ('2aad20cf-359a-4c54-9a88-88921eaff52f', '62d8c1e4-5011-49b5-9d98-6bc2df2bbc76', '/sys_perms_role/addOrEdit');
INSERT INTO `sys_perms_group_urls` VALUES ('46f8aa2d-f20a-428a-bd61-948ab1b671e6', '3e545880-e3b5-4cbb-b212-ec9bfe46e347', '/sys_perms/list');
INSERT INTO `sys_perms_group_urls` VALUES ('4d1dc9be-b82f-436e-8b26-85f177fe73bd', '3e545880-e3b5-4cbb-b212-ec9bfe46e347', '/sys_perms_role/del');
INSERT INTO `sys_perms_group_urls` VALUES ('54984116-4a84-42d9-82c7-4cee250c43b7', '3e545880-e3b5-4cbb-b212-ec9bfe46e347', '/sys_perms_group_manager/list');
INSERT INTO `sys_perms_group_urls` VALUES ('567729e3-b3e9-4be8-8268-0effa42bdf6e', '4ea4a780-9986-459c-86ce-55f3bac90081', '/sys_user/del');
INSERT INTO `sys_perms_group_urls` VALUES ('5756cb54-420d-467d-90a8-5da906153cae', '62d8c1e4-5011-49b5-9d98-6bc2df2bbc76', '/sys_perms_role_manager/list');
INSERT INTO `sys_perms_group_urls` VALUES ('5b2c67ca-4ed2-4c7b-a36f-f666873fb1d1', '4ea4a780-9986-459c-86ce-55f3bac90081', '/sys_user/getUserinfo');
INSERT INTO `sys_perms_group_urls` VALUES ('5e676487-1656-4272-9917-7d78c4bb080d', '4ea4a780-9986-459c-86ce-55f3bac90081', '/sys_user/list');
INSERT INTO `sys_perms_group_urls` VALUES ('655f2d7f-916b-4ade-b949-d6c9ba6f3fbb', '62d8c1e4-5011-49b5-9d98-6bc2df2bbc76', '/sys_perms_role_manager/save');
INSERT INTO `sys_perms_group_urls` VALUES ('6888eda2-de7f-401d-9c56-0620219de9de', '3e545880-e3b5-4cbb-b212-ec9bfe46e347', '/sys_perms_group/getPermsGroupInfo');
INSERT INTO `sys_perms_group_urls` VALUES ('7bfd1a04-5e3b-40a2-8b0b-9582e2d156d6', '3e545880-e3b5-4cbb-b212-ec9bfe46e347', '/sys_perms_group/addOrEdit');
INSERT INTO `sys_perms_group_urls` VALUES ('904c3282-df7d-4822-8ddb-31ab345bb80f', '3e545880-e3b5-4cbb-b212-ec9bfe46e347', '/sys_perms_group/del');
INSERT INTO `sys_perms_group_urls` VALUES ('a9faf865-2e25-40e5-9cc8-bb3c900efdeb', '4ea4a780-9986-459c-86ce-55f3bac90081', '/sys_user/addOrEdit');
INSERT INTO `sys_perms_group_urls` VALUES ('ac8ef3f1-5960-4d94-b0d5-b7c40a99af70', '3e545880-e3b5-4cbb-b212-ec9bfe46e347', '/sys_perms_group/list');
INSERT INTO `sys_perms_group_urls` VALUES ('c46b8597-d300-4055-b97b-524fcce53976', '62d8c1e4-5011-49b5-9d98-6bc2df2bbc76', '/sys_perms_role/list');
INSERT INTO `sys_perms_group_urls` VALUES ('e3554598-7e90-471d-9dab-64b1016e5d30', '3e545880-e3b5-4cbb-b212-ec9bfe46e347', '/sys_perms/permsGroup');
INSERT INTO `sys_perms_group_urls` VALUES ('e5bb5419-f5f6-4253-886d-cef8f2608a54', '3e545880-e3b5-4cbb-b212-ec9bfe46e347', '/sys_perms_group_manager/save');

-- ----------------------------
-- Table structure for `sys_perms_role`
-- ----------------------------
DROP TABLE IF EXISTS `sys_perms_role`;
CREATE TABLE `sys_perms_role` (
  `id` varchar(255) NOT NULL,
  `role_id` varchar(255) NOT NULL,
  `role_name` varchar(255) NOT NULL,
  `is_sys_role` tinyint(1) NOT NULL DEFAULT '0',
  PRIMARY KEY (`id`)
) ENGINE=InnoDB DEFAULT CHARSET=utf8;

-- ----------------------------
-- Records of sys_perms_role
-- ----------------------------
INSERT INTO `sys_perms_role` VALUES ('2bf4e3d3-3241-42d4-9cf9-40c932415508', 'CHARGE_MAN', '收费员', '0');
INSERT INTO `sys_perms_role` VALUES ('8e83e34d-62e2-4699-aba4-1c26db0765c4', 'SUPER_ADMIN', '超级管理员', '1');
INSERT INTO `sys_perms_role` VALUES ('da38dd9d-e2d9-41a6-8758-9abae8739ee1', 'SUB_ADMIN', '子管理员', '0');

-- ----------------------------
-- Table structure for `sys_perms_role_urls`
-- ----------------------------
DROP TABLE IF EXISTS `sys_perms_role_urls`;
CREATE TABLE `sys_perms_role_urls` (
  `id` varchar(40) NOT NULL,
  `role_id` varchar(40) NOT NULL,
  `url` varchar(40) NOT NULL,
  PRIMARY KEY (`id`)
) ENGINE=InnoDB DEFAULT CHARSET=utf8;

-- ----------------------------
-- Records of sys_perms_role_urls
-- ----------------------------
INSERT INTO `sys_perms_role_urls` VALUES ('1c6ad1a5-0963-40c7-9afa-91498171d15e', '8e83e34d-62e2-4699-aba4-1c26db0765c4', '/sys_perms_role_manager/save');
INSERT INTO `sys_perms_role_urls` VALUES ('256668c8-88ca-465f-89e0-1555a79f140c', 'da38dd9d-e2d9-41a6-8758-9abae8739ee1', '/sys_perms_role/getPermsRoleInfo');
INSERT INTO `sys_perms_role_urls` VALUES ('2f0ddec2-f5ee-4d34-a088-c7b419fdd98a', '8e83e34d-62e2-4699-aba4-1c26db0765c4', '/sys_user/list');
INSERT INTO `sys_perms_role_urls` VALUES ('38b65c77-929a-4a4a-95d1-06d05045b554', '8e83e34d-62e2-4699-aba4-1c26db0765c4', '/sys_perms_role/getPermsRoleInfo');
INSERT INTO `sys_perms_role_urls` VALUES ('3d5e8354-4e8e-4a52-abf4-7565b1c14562', '2bf4e3d3-3241-42d4-9cf9-40c932415508', '/sys_user/getUserinfo');
INSERT INTO `sys_perms_role_urls` VALUES ('3fc4193d-8ed9-4fe5-9227-30c46c2eaf15', 'da38dd9d-e2d9-41a6-8758-9abae8739ee1', '/sys_perms_role_manager/save');
INSERT INTO `sys_perms_role_urls` VALUES ('4617b292-9bea-4ef1-bc85-e79fab44c3a3', 'da38dd9d-e2d9-41a6-8758-9abae8739ee1', '/sys_user/del');
INSERT INTO `sys_perms_role_urls` VALUES ('50ce7ed4-da8d-48f5-a8cd-70d38a1a610e', 'da38dd9d-e2d9-41a6-8758-9abae8739ee1', '/sys_monitor_sql/list');
INSERT INTO `sys_perms_role_urls` VALUES ('527e17be-7bd1-46fc-86d2-3c8e13c3b00c', '8e83e34d-62e2-4699-aba4-1c26db0765c4', '/sys_perms_role/addOrEdit');
INSERT INTO `sys_perms_role_urls` VALUES ('5655110d-262f-4477-91ef-a92dfb86ed35', '8e83e34d-62e2-4699-aba4-1c26db0765c4', '/sys_perms_role/del');
INSERT INTO `sys_perms_role_urls` VALUES ('5c8b3328-dfba-45e8-88a6-ad1bb9a97543', 'da38dd9d-e2d9-41a6-8758-9abae8739ee1', '/sys_perms_group_manager/save');
INSERT INTO `sys_perms_role_urls` VALUES ('71a2c53c-c71c-4ee6-828b-5413edda5cee', '8e83e34d-62e2-4699-aba4-1c26db0765c4', '/sys_perms_group/getPermsGroupInfo');
INSERT INTO `sys_perms_role_urls` VALUES ('7aad53b5-7245-49f2-802c-5947fa7cc7e3', '8e83e34d-62e2-4699-aba4-1c26db0765c4', '/sys_user/del');
INSERT INTO `sys_perms_role_urls` VALUES ('80bc2c66-817b-405c-b3f0-c24f8e4c4196', 'da38dd9d-e2d9-41a6-8758-9abae8739ee1', '/sys_user/list');
INSERT INTO `sys_perms_role_urls` VALUES ('815f5240-ecf8-47c6-9fe6-09aebbe59fdc', '8e83e34d-62e2-4699-aba4-1c26db0765c4', '/sys_perms_group_manager/list');
INSERT INTO `sys_perms_role_urls` VALUES ('8444e1df-e416-4df9-945e-14bbf83c6570', '8e83e34d-62e2-4699-aba4-1c26db0765c4', '/sys_perms_group_manager/save');
INSERT INTO `sys_perms_role_urls` VALUES ('96b06b64-f1d3-4767-8f50-b032b5e23997', '8e83e34d-62e2-4699-aba4-1c26db0765c4', '/sys_user/addOrEdit');
INSERT INTO `sys_perms_role_urls` VALUES ('a08173c6-f70c-4ef3-ae4c-99f2f9e36cbc', '2bf4e3d3-3241-42d4-9cf9-40c932415508', '/sys_user/del');
INSERT INTO `sys_perms_role_urls` VALUES ('a60de767-594b-45d3-b533-fe8a3f7757f1', 'da38dd9d-e2d9-41a6-8758-9abae8739ee1', '/sys_perms_role/list');
INSERT INTO `sys_perms_role_urls` VALUES ('a932c16e-1e85-4aab-9bdf-8f28a548b74b', '8e83e34d-62e2-4699-aba4-1c26db0765c4', '/sys_perms_group/list');
INSERT INTO `sys_perms_role_urls` VALUES ('b1d07fb7-d9f3-45a4-8cd5-fcbcc18fa118', 'da38dd9d-e2d9-41a6-8758-9abae8739ee1', '/sys_user/getUserinfo');
INSERT INTO `sys_perms_role_urls` VALUES ('b65846a3-bdf0-4afb-b131-6e0693d31678', '8e83e34d-62e2-4699-aba4-1c26db0765c4', '/sys_monitor_sql/list');
INSERT INTO `sys_perms_role_urls` VALUES ('b9203e8b-7b52-40b9-9156-9c4fa933081f', 'da38dd9d-e2d9-41a6-8758-9abae8739ee1', '/sys_perms_group/del');
INSERT INTO `sys_perms_role_urls` VALUES ('c704c8e4-b26a-47c1-a6d0-08916e234710', '8e83e34d-62e2-4699-aba4-1c26db0765c4', '/sys_perms_role/list');
INSERT INTO `sys_perms_role_urls` VALUES ('c75fd645-b094-4af8-b1f6-138908e46820', '8e83e34d-62e2-4699-aba4-1c26db0765c4', '/sys_perms/list');
INSERT INTO `sys_perms_role_urls` VALUES ('c9886927-202f-4ffa-8cc4-3012d38d74ab', '8e83e34d-62e2-4699-aba4-1c26db0765c4', '/sys_perms/permsGroup');
INSERT INTO `sys_perms_role_urls` VALUES ('cb64e61b-69d6-4834-a072-0ae8f499ebd7', '8e83e34d-62e2-4699-aba4-1c26db0765c4', '/sys_perms_group/addOrEdit');
INSERT INTO `sys_perms_role_urls` VALUES ('cbd6e07f-cc61-4d8f-bf09-5ee58f3e5e72', '8e83e34d-62e2-4699-aba4-1c26db0765c4', '/sys_perms_group/del');
INSERT INTO `sys_perms_role_urls` VALUES ('d46cc227-f1fe-4e2b-acb3-6c4a362ca1fc', '8e83e34d-62e2-4699-aba4-1c26db0765c4', '/sys_user/getUserinfo');
INSERT INTO `sys_perms_role_urls` VALUES ('d7064e4e-36fc-4f77-ba58-134e31171974', '8e83e34d-62e2-4699-aba4-1c26db0765c4', '/sys_perms_role_manager/list');
INSERT INTO `sys_perms_role_urls` VALUES ('d97feaaf-d9a5-4339-b72b-7466c6b0c97f', 'da38dd9d-e2d9-41a6-8758-9abae8739ee1', '/sys_perms_group_manager/list');
INSERT INTO `sys_perms_role_urls` VALUES ('ddc8a350-bf5b-4c91-bbce-7669c69ecb1a', 'da38dd9d-e2d9-41a6-8758-9abae8739ee1', '/sys_perms_group/getPermsGroupInfo');
INSERT INTO `sys_perms_role_urls` VALUES ('de4ed7d6-2bc2-4440-b14c-75f3b8dfdd3d', 'da38dd9d-e2d9-41a6-8758-9abae8739ee1', '/sys_perms_role_manager/list');
INSERT INTO `sys_perms_role_urls` VALUES ('e2b0b862-689a-465f-b8df-fb413837d5fb', 'da38dd9d-e2d9-41a6-8758-9abae8739ee1', '/sys_perms_role/addOrEdit');
INSERT INTO `sys_perms_role_urls` VALUES ('eb550f76-88ab-4931-ae41-232106e1eb8e', 'da38dd9d-e2d9-41a6-8758-9abae8739ee1', '/sys_user/addOrEdit');
INSERT INTO `sys_perms_role_urls` VALUES ('fda1f58c-1b02-463b-9e8a-374554ef1dbf', '2bf4e3d3-3241-42d4-9cf9-40c932415508', '/sys_user/addOrEdit');

-- ----------------------------
-- Table structure for `sys_perms_user_role`
-- ----------------------------
DROP TABLE IF EXISTS `sys_perms_user_role`;
CREATE TABLE `sys_perms_user_role` (
  `id` varchar(40) NOT NULL,
  `user_id` varchar(40) NOT NULL,
  `role_id` varchar(40) NOT NULL,
  PRIMARY KEY (`id`)
) ENGINE=InnoDB DEFAULT CHARSET=utf8;

-- ----------------------------
-- Records of sys_perms_user_role
-- ----------------------------
INSERT INTO `sys_perms_user_role` VALUES ('5dc1d1c7-a280-471e-94fe-b2bd67faffca', '9ae69f5d-4fa9-4af4-ae81-3f0ad0922a21', 'da38dd9d-e2d9-41a6-8758-9abae8739ee1');
INSERT INTO `sys_perms_user_role` VALUES ('7cb339d0-8514-4e50-9aac-ebae5bc32b51', 'd6b4d96d-8b2f-419c-abd1-8083cb51ddbd', '2bf4e3d3-3241-42d4-9cf9-40c932415508');
INSERT INTO `sys_perms_user_role` VALUES ('8f762b39-6969-472c-ade1-4f5af81297c6', '01e1084a-1e70-4795-be8f-edc913a471e6', '8e83e34d-62e2-4699-aba4-1c26db0765c4');
INSERT INTO `sys_perms_user_role` VALUES ('bb705e06-9179-4ced-a55d-ba258cdad876', '81fdbfd2-4c6f-43f7-a6e8-8e703e9cbef0', 'da38dd9d-e2d9-41a6-8758-9abae8739ee1');
INSERT INTO `sys_perms_user_role` VALUES ('cbde2116-50bd-4e5e-ac6e-ab6d972649d7', 'a87d9a81-bcdf-4e3b-ba23-2e2e083b34ed', '8e83e34d-62e2-4699-aba4-1c26db0765c4');
INSERT INTO `sys_perms_user_role` VALUES ('e09d6c5e-a9cc-4dc0-965a-3eede5c4aac4', '9ae69f5d-4fa9-4af4-ae81-3f0ad0922a21', '2bf4e3d3-3241-42d4-9cf9-40c932415508');
INSERT INTO `sys_perms_user_role` VALUES ('ef755eee-f82f-452d-8df2-3dfdb6a1f7ac', 'd6b4d96d-8b2f-419c-abd1-8083cb51ddbd', 'da38dd9d-e2d9-41a6-8758-9abae8739ee1');
INSERT INTO `sys_perms_user_role` VALUES ('fee2f321-80ff-4c1e-85c2-80a3bbdce602', '867e701e-f089-4321-99ea-7bc957149b5b', '8e83e34d-62e2-4699-aba4-1c26db0765c4');

-- ----------------------------
-- Table structure for `sys_schedule_timer_job`
-- ----------------------------
DROP TABLE IF EXISTS `sys_schedule_timer_job`;
CREATE TABLE `sys_schedule_timer_job` (
  `id` varchar(40) NOT NULL,
  `job_name` varchar(50) NOT NULL,
  `job_group_name` varchar(50) NOT NULL,
  `trigger_name` varchar(50) NOT NULL,
  `trigger_group_name` varchar(50) NOT NULL,
  `cron` varchar(20) NOT NULL,
  `job_class` varchar(200) NOT NULL,
  `time` varchar(40) DEFAULT NULL,
  PRIMARY KEY (`id`)
) ENGINE=InnoDB DEFAULT CHARSET=utf8;

-- ----------------------------
-- Records of sys_schedule_timer_job
-- ----------------------------
INSERT INTO `sys_schedule_timer_job` VALUES ('64489fdd-64b6-4ebc-b9a3-b414ba7b9dcf', '测试任务2', '测试任务组2', '测试执行器2', '测试执行器组2', '*/5 * * * * ?', 'com.framework.v1.framework.timer.SchedulerTestJob', '2019-03-24 23:11:07');
INSERT INTO `sys_schedule_timer_job` VALUES ('8c6d4b2a-5c24-4726-af79-aaab6a6165e2', '测试任务1', '测试任务组', '测试执行器1', '测试执行器组', '*/2 * * * * ?', 'com.framework.v1.framework.timer.SchedulerTestJob', '2019-03-24 15:15:49');

-- ----------------------------
-- Table structure for `sys_user`
-- ----------------------------
DROP TABLE IF EXISTS `sys_user`;
CREATE TABLE `sys_user` (
  `id` varchar(40) NOT NULL,
  `username` varchar(32) NOT NULL,
  `nickname` varchar(32) DEFAULT NULL,
  `password` varchar(32) DEFAULT NULL,
  `date` varchar(32) DEFAULT NULL,
  PRIMARY KEY (`id`),
  UNIQUE KEY `username` (`username`),
  KEY `index_id` (`id`),
  KEY `index_username` (`username`)
) ENGINE=InnoDB DEFAULT CHARSET=utf8;

-- ----------------------------
-- Records of sys_user
-- ----------------------------
INSERT INTO `sys_user` VALUES ('01e1084a-1e70-4795-be8f-edc913a471e6', 'admin', '系统管理员', '96e79218965eb72c92a549dd5a330112', '2019-03-16 19:56:16');
